I_real,I_seir,S_seir,E_seir,u_opt,beta_opt,R0_opt
2,0,507269.827226474,192.172658839774,0.440461917565407,0.180085676982584,1.26059973887809
1,0,507269.647188703,153.918164842239,0.440461917565407,0.180085676982584,1.26059973887809
0,0,507262.573999219,130.207721357765,0.440461917565407,0.180085676982584,1.26059973887809
1,0,507250.969848048,115.770328257072,0.440461917565407,0.180085676982584,1.26059973887809
0,21.6743481560435,507236.335910636,107.250200017944,0.440461917565407,0.180085676982584,1.26059973887809
1,17.3597842298236,507219.625044444,102.511026206163,0.440461917565407,0.180085676982584,1.26059973887809
2,14.6855827585043,507201.440924354,100.192941055531,0.440461917565407,0.180085676982584,1.26059973887809
2,13.0572497457889,507182.164844003,99.430433194945,0.440461917565407,0.180085676982584,1.26059973887809
0,12.0963002178804,507162.036451692,99.6727388669547,0.440461917565407,0.180085676982584,1.26059973887809
0,11.5617886812826,507141.205153253,100.569489533128,0.440461917565407,0.180085676982584,1.26059973887809
0,11.3003415799442,507119.762837917,101.897906961799,0.440461917565407,0.180085676982584,1.26059973887809
0,11.2143415165541,507097.764712645,103.516450841732,0.440461917565407,0.180085676982584,1.26059973887809
0,11.2416701569914,507075.242565364,105.335307954381,0.411969367726204,0.189255919880846,1.32479143916592
1,11.3428109033658,507051.04051723,108.470294497575,0.411969367726204,0.189255919880846,1.32479143916592
1,11.4926375333319,507026.313065245,111.503687583046,0.411969367726204,0.189255919880846,1.32479143916592
0,11.6751863088512,507001.016944048,114.49907126379,0.411969367726204,0.189255919880846,1.32479143916592
0,11.8803275737099,506975.118931908,117.497269150361,0.411969367726204,0.189255919880846,1.32479143916592
0,12.2339095567658,506948.592010972,120.524736256405,0.411969367726204,0.189255919880846,1.32479143916592
0,12.5760332398411,506921.412937403,123.598862574473,0.411969367726204,0.189255919880846,1.32479143916592
0,12.913870001581,506893.560702426,126.731325036757,0.411969367726204,0.189255919880846,1.32479143916592
1,13.2520241657925,506865.015556298,129.930206157348,0.411969367726204,0.189255919880846,1.32479143916592
1,13.5934794825036,506835.758387945,133.201333279079,0.411969367726204,0.189255919880846,1.32479143916592
0,13.9401972960351,506805.770329287,136.549125280663,0.411969367726204,0.189255919880846,1.32479143916592
0,14.2934945985921,506775.032501489,139.977128022999,0.411969367726204,0.189255919880846,1.32479143916592
0,14.654282983038,506743.525850812,143.488353094813,0.408455100135306,0.190386976511435,1.33270883558004
0,15.0232196909294,506711.038036456,147.278496831708,0.408455100135306,0.190386976511435,1.33270883558004
1,15.4008031090619,506677.737557065,151.123276857296,0.408455100135306,0.190386976511435,1.33270883558004
0,15.7874331602141,506643.59686125,155.039317300455,0.408455100135306,0.190386976511435,1.33270883558004
0,16.1834495088466,506608.590290385,159.038024704761,0.408455100135306,0.190386976511435,1.33270883558004
0,16.6109239238382,506572.69317773,163.12753241954,0.408455100135306,0.190386976511435,1.33270883558004
0,17.0445605366691,506535.881274885,167.31392878019,0.408455100135306,0.190386976511435,1.33270883558004
0,17.4862343131086,506498.130384843,171.602033066253,0.408455100135306,0.190386976511435,1.33270883558004
0,17.9372317493637,506459.416125374,175.995885922122,0.408455100135306,0.190386976511435,1.33270883558004
0,18.3984701717912,506419.713774624,180.499059487461,0.408455100135306,0.190386976511435,1.33270883558004
1,18.870636258204,506378.998168522,185.114853692213,0.408455100135306,0.190386976511435,1.33270883558004
1,19.3542735549281,506337.243630799,189.846420677144,0.408455100135306,0.190386976511435,1.33270883558004
2,19.8498377892968,506294.423923505,194.696843835069,0.402571341186146,0.192280646927846,1.34596452849492
0,20.3577318479601,506250.075445663,200.105952909869,0.402571341186146,0.192280646927846,1.34596452849492
1,20.8783279161752,506204.596403271,205.56380472015,0.402571341186146,0.192280646927846,1.34596452849492
1,21.4119815106782,506157.941651234,211.105795813687,0.402571341186146,0.192280646927846,1.34596452849492
0,21.9590403944118,506110.07069121,216.755596674186,0.402571341186146,0.192280646927846,1.34596452849492
3,22.5691111193997,506060.945652622,222.529515927157,0.402571341186146,0.192280646927846,1.34596452849492
0,23.1846793330797,506010.530012636,228.439252728173,0.402571341186146,0.192280646927846,1.34596452849492
1,23.8097372636105,505958.787781943,234.49363287515,0.402571341186146,0.192280646927846,1.34596452849492
2,24.4469546055679,505905.682984105,240.699704138005,0.402571341186146,0.192280646927846,1.34596452849492
1,25.0981707404195,505851.179319857,247.063427559116,0.402571341186146,0.192280646927846,1.34596452849492
10,25.7647051668521,505795.239947902,253.59011400197,0.402571341186146,0.192280646927846,1.34596452849492
6,26.4475533095946,505737.827339033,260.28470007078,0.402571341186146,0.192280646927846,1.34596452849492
2,27.1475100570551,505678.903176342,267.151922747953,0.391934189102148,0.195704182866416,1.36992928006491
2,27.865247730201,505617.351535518,275.273179022322,0.391934189102148,0.195704182866416,1.36992928006491
4,28.6013653190495,505554.18088889,283.389189845753,0.391934189102148,0.195704182866416,1.36992928006491
3,29.3564196024842,505489.307490674,291.584750092694,0.391934189102148,0.195704182866416,1.36992928006491
4,30.1309448448821,505422.659907045,299.915383702499,0.391934189102148,0.195704182866416,1.36992928006491
2,31.0469072768839,505354.173955099,308.418258907983,0.391934189102148,0.195704182866416,1.36992928006491
4,31.9622780964755,505283.789508477,317.119053748332,0.391934189102148,0.195704182866416,1.36992928006491
3,32.8866209618886,505211.448476675,326.036274800676,0.391934189102148,0.195704182866416,1.36992928006491
2,33.8261981853578,505137.093522246,335.183974269549,0.391934189102148,0.195704182866416,1.36992928006491
2,34.7852018159664,505060.667241857,344.573459805337,0.391934189102148,0.195704182866416,1.36992928006491
7,35.7665279720522,504982.111638861,354.214370839343,0.391934189102148,0.195704182866416,1.36992928006491
3,36.7722639328271,504901.367779028,364.11535650527,0.391934189102148,0.195704182866416,1.36992928006491
5,37.8039945875012,504818.375561251,374.284502980458,0.371179349981951,0.202384066454254,1.41668846517978
2,38.8629952785333,504730.161985268,387.641178367356,0.371179349981951,0.202384066454254,1.41668846517978
3,39.9503531969494,504639.495303766,400.779624195977,0.371179349981951,0.202384066454254,1.41668846517978
6,41.0670438422623,504546.191787091,413.927216032457,0.371179349981951,0.202384066454254,1.41668846517978
1,42.2139792204984,504450.103091624,427.230468292884,0.371179349981951,0.202384066454254,1.41668846517978
26,43.7204226151556,504351.102057597,440.785408661101,0.371179349981951,0.202384066454254,1.41668846517978
6,45.2022528132603,504249.073799205,454.65658532095,0.371179349981951,0.202384066454254,1.41668846517978
10,46.68511455123,504143.910105481,468.888961980718,0.371179349981951,0.202384066454254,1.41668846517978
6,48.1855325755265,504035.505912244,483.515362821897,0.371179349981951,0.202384066454254,1.41668846517978
10,49.7143374458389,503923.757069523,498.561132978088,0.371179349981951,0.202384066454254,1.41668846517978
10,51.2788092810869,503808.558919228,514.047056677883,0.371179349981951,0.202384066454254,1.41668846517978
12,52.8840193493358,503689.805379467,529.991185103246,0.371179349981951,0.202384066454254,1.41668846517978
5,54.5336697523408,503567.388345599,546.409981949926,0.321354489338172,0.218420050494084,1.52894035345859
6,56.2306190614149,503431.198489375,573.317841783909,0.321354489338172,0.218420050494084,1.52894035345859
9,57.9772114425253,503290.816161088,599.036601714525,0.321354489338172,0.218420050494084,1.52894035345859
12,59.7754828127733,503145.683092044,624.36235041509,0.321354489338172,0.218420050494084,1.52894035345859
20,61.6272900433481,502995.37350144,649.799470936901,0.321354489338172,0.218420050494084,1.52894035345859
19,64.6621146937268,502839.540668787,675.672409402421,0.321354489338172,0.218420050494084,1.52894035345859
14,67.5628257534756,502677.883825739,702.194770569893,0.321354489338172,0.218420050494084,1.52894035345859
20,70.4192107250037,502510.127604911,729.512037283825,0.321354489338172,0.218420050494084,1.52894035345859
9,73.2881568571205,502336.009248654,757.727986083975,0.321354489338172,0.218420050494084,1.52894035345859
32,76.2062570671464,502155.270613121,786.921024400444,0.321354489338172,0.218420050494084,1.52894035345859
25,79.1976029398358,501967.653135374,817.15429726719,0.321354489338172,0.218420050494084,1.52894035345859
32,82.2786028750187,501772.894631164,848.481942023157,0.321354489338172,0.218420050494084,1.52894035345859
28,85.4609613933417,501570.727223588,880.952961195076,0.288249965354771,0.229074643630618,1.60352250541432
38,88.7535217399799,501350.639365477,924.850227066778,0.288249965354771,0.229074643630618,1.60352250541432
33,92.1634057784625,501122.200753815,968.318793315574,0.288249965354771,0.229074643630618,1.60352250541432
49,95.6967194321796,500884.642941501,1012.21284696682,0.288249965354771,0.229074643630618,1.60352250541432
50,99.3589894905885,500637.330123351,1057.08309572281,0.288249965354771,0.229074643630618,1.60352250541432
63,104.309977988879,500379.701678319,1103.29492161055,0.288249965354771,0.229074643630618,1.60352250541432
110,109.212615254808,500111.236747541,1151.10086806634,0.288249965354771,0.229074643630618,1.60352250541432
88,114.163241460226,499831.432326698,1200.68511529641,0.288249965354771,0.229074643630618,1.60352250541432
57,119.223968617031,499539.789647536,1252.19077139862,0.288249965354771,0.229074643630618,1.60352250541432
115,124.436006631513,499235.805644697,1305.73661995776,0.288249965354771,0.229074643630618,1.60352250541432
105,129.827838818609,498918.967543544,1361.42739711958,0.288249965354771,0.229074643630618,1.60352250541432
142,135.420238091264,498588.749364956,1419.36009628405,0.288249965354771,0.229074643630618,1.60352250541432
203,141.229345011597,498244.609609411,1479.62783257235,0.315212151733758,0.220396943685935,1.54277860580154
184,147.268556681917,497899.574743905,1528.737131563,0.315212151733758,0.220396943685935,1.54277860580154
151,153.549685852807,497540.043414254,1582.52103490175,0.315212151733758,0.220396943685935,1.54277860580154
133,160.083672003027,497166.028098196,1640.03214398001,0.315212151733758,0.220396943685935,1.54277860580154
195,166.88101719654,496777.343410302,1700.71040307781,0.315212151733758,0.220396943685935,1.54277860580154
154,172.419849049359,496373.676201024,1764.23553174007,0.315212151733758,0.220396943685935,1.54277860580154
305,178.485909919792,495954.628809966,1830.43581644989,0.315212151733758,0.220396943685935,1.54277860580154
209,184.972346692475,495519.745743259,1899.23171986751,0.315212151733758,0.220396943685935,1.54277860580154
204,191.815993031805,495068.530120285,1970.60099886766,0.315212151733758,0.220396943685935,1.54277860580154
388,198.980725848617,494600.453810633,2044.55710874622,0.315212151733758,0.220396943685935,1.54277860580154
184,206.44717829556,494114.963684584,2121.13581304596,0.315212151733758,0.220396943685935,1.54277860580154
160,214.206379689689,493611.485475442,2200.38685957893,0.315212151733758,0.220396943685935,1.54277860580154
379,222.255821322199,493089.426180637,2282.36878246749,0.374819154118132,0.201212606257843,1.4084882438049
270,230.597020759477,492595.288453283,2320.03275332811,0.374819154118132,0.201212606257843,1.4084882438049
305,239.234011621508,492083.008984384,2368.30567156182,0.374819154118132,0.201212606257843,1.4084882438049
161,248.172404755353,491553.834611203,2423.81891043082,0.374819154118132,0.201212606257843,1.4084882438049
206,257.418801979165,491008.425652031,2484.46408751636,0.374819154118132,0.201212606257843,1.4084882438049
162,261.666763277618,490447.073156951,2548.9237650924,0.374819154118132,0.201212606257843,1.4084882438049
106,267.111263252914,489869.835371605,2616.37679742052,0.374819154118132,0.201212606257843,1.4084882438049
217,273.372368624409,489276.623502737,2686.31330680414,0.374819154118132,0.201212606257843,1.4084882438049
268,280.212283782335,488667.25567186,2758.4184763204,0.374819154118132,0.201212606257843,1.4084882438049
243,287.48242045133,488041.490910574,2832.49954234207,0.374819154118132,0.201212606257843,1.4084882438049
320,295.090165047711,487399.050637037,2908.43990741099,0.374819154118132,0.201212606257843,1.4084882438049
758,302.978010604674,486739.632282898,2986.17028006785,0.374819154118132,0.201212606257843,1.4084882438049
358,311.110450241932,486062.918001604,3065.65050534847,0.703628197082012,0.0953863882415434,0.667704717690804
173,319.465742958486,485733.761856768,2781.67654911434,0.703628197082012,0.0953863882415434,0.667704717690804
605,328.030738216073,485395.839068741,2563.2640273185,0.703628197082012,0.0953863882415434,0.667704717690804
326,336.797620921633,485055.633280073,2390.81701052279,0.703628197082012,0.0953863882415434,0.667704717690804
317,345.761862165176,484717.491816302,2250.79507218925,0.703628197082012,0.0953863882415434,0.667704717690804
119,313.733630720456,484384.292389962,2133.835484091,0.703628197082012,0.0953863882415434,0.667704717690804
378,289.099798480098,484057.902970584,2033.45780665143,0.703628197082012,0.0953863882415434,0.667704717690804
485,269.650222754461,483739.498864444,1945.17035146113,0.703628197082012,0.0953863882415434,0.667704717690804
248,253.85773562727,483429.781275276,1865.85387033727,0.703628197082012,0.0953863882415434,0.667704717690804
354,240.666354252136,483129.127915977,1793.33645556844,0.703628197082012,0.0953863882415434,0.667704717690804
210,229.345177030281,482837.696765784,1726.10031464744,0.703628197082012,0.0953863882415434,0.667704717690804
179,219.387605265605,482555.497522541,1663.07949496131,0.703628197082012,0.0953863882415434,0.667704717690804
152,210.441832038706,482282.44078292,1603.52033559002,0.777667487550682,0.0715570615774028,0.50089943104182
55,202.262896988501,482084.341285094,1480.91576629811,0.777667487550682,0.0715570615774028,0.50089943104182
97,194.679614664215,481892.810501873,1376.26339625977,0.777667487550682,0.0715570615774028,0.50089943104182
69,187.571760741585,481708.580416049,1285.24080283085,0.777667487550682,0.0715570615774028,0.50089943104182
246,180.85433296654,481532.032623318,1204.74043499641,0.777667487550682,0.0715570615774028,0.50089943104182
278,167.026277839457,481363.307693829,1132.5172774863,0.777667487550682,0.0715570615774028,0.50089943104182
109,155.222975968834,481202.382224574,1066.93929124393,0.777667487550682,0.0715570615774028,0.50089943104182
143,144.956919434281,481049.123041064,1006.8106165048,0.777667487550682,0.0715570615774028,0.50089943104182
110,135.877620590901,480903.325242806,951.246291461876,0.777667487550682,0.0715570615774028,0.50089943104182
103,127.731873582696,480764.73882995,899.583446025822,0.777667487550682,0.0715570615774028,0.50089943104182
78,120.335607569774,480633.087263102,851.318323667994,0.777667487550682,0.0715570615774028,0.50089943104182
60,113.553946545123,480508.080327823,806.061594213619,0.777667487550682,0.0715570615774028,0.50089943104182
114,107.287079378342,480389.422981476,763.50662171758,0.76432641096056,0.0758508476213393,0.530955933349375
137,101.460243732349,480270.064702221,730.163576629439,0.76432641096056,0.0758508476213393,0.530955933349375
84,96.0166230211957,480156.82116191,697.374401614342,0.76432641096056,0.0758508476213393,0.530955933349375
87,90.9123063274467,480049.297480942,665.423202259524,0.76432641096056,0.0758508476213393,0.530955933349375
159,86.1127094689829,479947.147181067,634.488861682396,0.76432641096056,0.0758508476213393,0.530955933349375
90,82.352087265043,479850.061182169,604.677088244435,0.76432641096056,0.0758508476213393,0.530955933349375
45,78.6539337435309,479757.759889907,576.042962857789,0.76432641096056,0.0758508476213393,0.530955933349375
82,75.0502919819998,479669.98746906,548.60679113278,0.76432641096056,0.0758508476213393,0.530955933349375
70,71.5613374569687,479586.507664412,522.365237554237,0.76432641096056,0.0758508476213393,0.530955933349375
65,68.1989925711533,479507.10071914,497.299135315131,0.76432641096056,0.0758508476213393,0.530955933349375
31,64.9694696696076,479431.561073242,473.378954150679,0.76432641096056,0.0758508476213393,0.530955933349375
36,61.8750589369516,479359.695617935,450.568618626866,0.76432641096056,0.0758508476213393,0.530955933349375
14,58.9153841744193,479291.322347837,428.828164999944,0.649340672158758,0.112858667581271,0.790010673068899
38,56.0882836382378,479194.529752486,439.855127351134,0.649340672158758,0.112858667581271,0.790010673068899
90,53.3904267337015,479102.441225793,443.972628573631,0.649340672158758,0.112858667581271,0.790010673068899
40,50.8177446639202,479014.149941023,443.469387628981,0.649340672158758,0.112858667581271,0.790010673068899
29,48.3657300858574,478929.026211046,439.899240080409,0.649340672158758,0.112858667581271,0.790010673068899
56,49.6094149187895,478846.628949006,434.316654103611,0.649340672158758,0.112858667581271,0.790010673068899
29,50.0738106115386,478766.64550985,427.436762439539,0.649340672158758,0.112858667581271,0.790010673068899
53,50.0170521761474,478688.850810236,419.744109565746,0.649340672158758,0.112858667581271,0.790010673068899
114,49.6143902085013,478613.079545368,411.566552520671,0.649340672158758,0.112858667581271,0.790010673068899
45,48.9847537513555,478539.207304135,403.125483248804,0.649340672158758,0.112858667581271,0.790010673068899
66,48.2087996270631,478467.137730411,394.569960323682,0.649340672158758,0.112858667581271,0.790010673068899
47,47.3411775749105,478396.793792794,385.999905875459,0.649340672158758,0.112858667581271,0.790010673068899
60,46.4188652151245,478328.111846274,377.481871220457,0.658456807314444,0.10992466644263,0.769472665098408
47,45.4668324165345,478262.781329185,367.316014065416,0.658456807314444,0.10992466644263,0.769472665098408
5,44.5018908704496,478198.970010099,357.664130338383,0.658456807314444,0.10992466644263,0.769472665098408
82,43.535310374824,478136.672161007,348.429153363068,0.658456807314444,0.10992466644263,0.769472665098408
50,42.5745969734879,478075.872155333,339.543328363935,0.658456807314444,0.10992466644263,0.769472665098408
63,41.4280325838747,478016.547900811,330.95891721328,0.658456807314444,0.10992466644263,0.769472665098408
49,40.3394371014352,477958.673172847,322.641861734153,0.658456807314444,0.10992466644263,0.769472665098408
65,39.2978627828798,477902.219198644,314.567463590988,0.658456807314444,0.10992466644263,0.769472665098408
24,38.2956678512613,477847.155730776,306.717438740721,0.658456807314444,0.10992466644263,0.769472665098408
16,37.3274681233851,477793.451772926,299.077908842712,0.658456807314444,0.10992466644263,0.769472665098408
36,36.389422320324,477741.076068645,291.638031355105,0.658456807314444,0.10992466644263,0.769472665098408
32,35.4787448204025,477689.99742872,284.389065009061,0.658456807314444,0.10992466644263,0.769472665098408
55,34.5933734430927,477640.184948648,277.323732078824,0.615811418211026,0.123649958800675,0.865549711604725
48,33.7317429085638,477585.542808884,276.501125427753,0.615811418211026,0.123649958800675,0.865549711604725
37,32.8926303319971,477532.257618609,274.486090616482,0.615811418211026,0.123649958800675,0.865549711604725
42,32.075049822344,477480.155129001,271.691362101707,0.615811418211026,0.123649958800675,0.865549711604725
16,31.2781805554418,477429.113749267,268.394469415358,0.615811418211026,0.123649958800675,0.865549711604725
45,31.1854022015467,477379.047402259,264.78192254008,0.615811418211026,0.123649958800675,0.865549711604725
64,30.9581348768933,477329.893982644,260.978957647013,0.615811418211026,0.123649958800675,0.865549711604725
21,30.6429291697102,477281.607586318,257.069562443271,0.615811418211026,0.123649958800675,0.865549711604725
41,30.2710864718547,477234.153278439,253.109957833536,0.615811418211026,0.123649958800675,0.865549711604725
39,29.8636424619861,477187.503570379,249.137674327064,0.615811418211026,0.123649958800675,0.865549711604725
66,29.4347220025659,477141.636047104,245.177662736952,0.615811418211026,0.123649958800675,0.865549711604725
24,28.993797714808,477096.531769026,241.246408267157,0.615811418211026,0.123649958800675,0.865549711604725
66,28.5472105187427,477052.174195249,237.35470039107,0.564349898945082,0.140212696577586,0.981488876043102
23,28.0991933230938,477002.704851762,239.353103799539,0.564349898945082,0.140212696577586,0.981488876043102
31,27.6525602254189,476954.050451723,240.136883078967,0.564349898945082,0.140212696577586,0.981488876043102
61,27.2091705227276,476906.042398434,240.117559751869,0.564349898945082,0.140212696577586,0.981488876043102
39,26.7702411144696,476858.568224107,239.568222129128,0.564349898945082,0.140212696577586,0.981488876043102
10,26.9956326529583,476811.552708294,238.670093515993,0.564349898945082,0.140212696577586,0.981488876043102
13,27.0840318304604,476764.945349051,237.543434055345,0.564349898945082,0.140212696577586,0.981488876043102
42,27.0818524334453,476718.712049249,236.268047046263,0.564349898945082,0.140212696577586,0.981488876043102
66,27.0198949470766,476672.82959981,234.896887076613,0.564349898945082,0.140212696577586,0.981488876043102
34,26.918598787844,476627.282018855,233.465090616019,0.564349898945082,0.140212696577586,0.981488876043102
22,26.7915275928529,476582.058122384,231.995968963703,0.564349898945082,0.140212696577586,0.981488876043102
72,26.6476820414855,476537.149912166,230.504985389184,0.564349898945082,0.140212696577586,0.981488876043102
41,26.4930346595986,476492.551505931,229.002394546016,0.543925891471773,0.146786102978317,1.02750272084822
62,26.3315483422271,476446.181893621,229.571527947094,0.543925891471773,0.146786102978317,1.02750272084822
35,26.1658522730354,476400.128416677,229.710699301282,0.543925891471773,0.146786102978317,1.02750272084822
48,25.9976904893344,476354.330785401,229.56619071697,0.543925891471773,0.146786102978317,1.02750272084822
17,25.8282195704871,476308.749181513,229.234556461843,0.543925891471773,0.146786102978317,1.02750272084822
172,25.8924097396645,476263.357296455,228.779530227865,0.543925891471773,0.146786102978317,1.02750272084822
36,25.9081062929735,476218.137736951,228.243183686008,0.543925891471773,0.146786102978317,1.02750272084822
38,25.8918077758648,476173.078992818,227.653291081488,0.543925891471773,0.146786102978317,1.02750272084822
12,25.8544041392108,476128.173435783,227.028189900267,0.543925891471773,0.146786102978317,1.02750272084822
32,25.8030836388081,476083.41599873,226.379988973816,0.543925891471773,0.146786102978317,1.02750272084822
36,25.7425913619635,476038.80330401,225.716685898482,0.543925891471773,0.146786102978317,1.02750272084822
35,25.6760598493007,475994.333088133,225.043564596337,0.543925891471773,0.146786102978317,1.02750272084822
58,25.605557308948,475950.003822051,224.36411775918,0.523331867294318,0.153414228752448,1.07389960126714
52,25.5324494452187,475903.819090147,225.676026110544,0.523331867294318,0.153414228752448,1.07389960126714
26,25.45763827346,475857.780013657,226.579897379245,0.523331867294318,0.153414228752448,1.07389960126714
24,25.3817197450803,475811.828639311,227.215292249038,0.523331867294318,0.153414228752448,1.07389960126714
19,25.3050877861379,475765.927047505,227.673825604976,0.523331867294318,0.153414228752448,1.07389960126714
39,25.4530524265189,475720.050469434,228.015638555033,0.523331867294318,0.153414228752448,1.07389960126714
22,25.5549962757862,475674.182769143,228.280211134656,0.523331867294318,0.153414228752448,1.07389960126714
55,25.6266597980979,475628.313477876,228.493460175342,0.523331867294318,0.153414228752448,1.07389960126714
94,25.6783758520765,475582.435847339,228.67239867729,0.523331867294318,0.153414228752448,1.07389960126714
17,25.716927501039,475536.545571801,228.828194479292,0.523331867294318,0.153414228752448,1.07389960126714
5,25.7467675325913,475490.63994922,228.968178164442,0.523331867294318,0.153414228752448,1.07389960126714
36,25.7708189974547,475444.717330558,229.09716119387,0.523331867294318,0.153414228752448,1.07389960126714
25,25.7910007205633,475398.776758278,229.218301235328,0.45363601535025,0.175845632573282,1.23091942801297
37,25.8085722756129,475346.097846829,236.053552437082,0.45363601535025,0.175845632573282,1.23091942801297
59,25.8243604483239,475293.398289792,241.542398987252,0.45363601535025,0.175845632573282,1.23091942801297
54,25.8389079032165,475240.456727399,246.175481582088,0.45363601535025,0.175845632573282,1.23091942801297
13,25.8525707803918,475187.127864053,250.269248611704,0.45363601535025,0.175845632573282,1.23091942801297
4,26.6234900941759,475133.315417976,254.027844966724,0.45363601535025,0.175845632573282,1.23091942801297
20,27.242554074566,475078.954682701,257.58301124806,0.45363601535025,0.175845632573282,1.23091942801297
17,27.7651000277856,475024.001284722,261.019806978137,0.45363601535025,0.175845632573282,1.23091942801297
22,28.2268188404686,474968.423935539,264.393194765508,0.45363601535025,0.175845632573282,1.23091942801297
31,28.6507351585785,474912.199758805,267.738732545987,0.45363601535025,0.175845632573282,1.23091942801297
31,29.0517074519293,474855.311277596,271.079467245313,0.45363601535025,0.175845632573282,1.23091942801297
34,29.4393292272881,474797.74447197,274.430379422634,0.45363601535025,0.175845632573282,1.23091942801297
14,29.8197994867426,474739.48752655,277.801248958396,0.415348883546647,0.188168232709045,1.31717762896332
26,30.1971286607317,474676.398503026,285.330022690433,0.415348883546647,0.188168232709045,1.31717762896332
25,30.5739161153431,474612.550173917,292.112347261549,0.415348883546647,0.188168232709045,1.31717762896332
11,30.95185144501,474547.787508244,298.452543482156,0.415348883546647,0.188168232709045,1.31717762896332
34,31.3320376814279,474482.004021348,304.545521681502,0.415348883546647,0.188168232709045,1.31717762896332
14,32.1811764925441,474415.124114326,310.516324367657,0.415348883546647,0.188168232709045,1.31717762896332
25,32.9461264336501,474347.091794689,316.445379130644,0.415348883546647,0.188168232709045,1.31717762896332
35,33.6612105725318,474277.863471923,322.384626070969,0.415348883546647,0.188168232709045,1.31717762896332
32,34.3484120277082,474207.403355234,328.36781754569,0.415348883546647,0.188168232709045,1.31717762896332
37,35.0218338191956,474135.680513088,334.417096182757,0.415348883546647,0.188168232709045,1.31717762896332
29,35.6905470375331,474062.666993992,340.547196041451,0.415348883546647,0.188168232709045,1.31717762896332
42,36.3604097888033,473988.336625039,346.768125786078,0.415348883546647,0.188168232709045,1.31717762896332
45,37.0352288597905,473912.664243295,353.086882373257,0.4084077678973,0.190402210252251,1.33281547176575
28,37.7175016246275,473834.710578035,360.423171158311,0.4084077678973,0.190402210252251,1.33281547176575
18,38.4088898760614,473755.349449705,367.699665257213,0.4084077678973,0.190402210252251,1.33281547176575
41,39.1105224493598,473674.523617194,374.985564716082,0.4084077678973,0.190402210252251,1.33281547176575
27,39.823188501912,473592.186293967,382.325775000597,0.4084077678973,0.190402210252251,1.33281547176575
51,40.6506177432024,473508.297195702,389.749718265527,0.4084077678973,0.190402210252251,1.33281547176575
65,41.47130299264,473422.820018427,397.276951887343,0.4084077678973,0.190402210252251,1.33281547176575
28,42.293049033179,473335.720828758,404.920751178356,0.4084077678973,0.190402210252251,1.33281547176575
31,43.1209205639455,473246.96703575,412.690393951202,0.4084077678973,0.190402210252251,1.33281547176575
17,43.9582359863697,473156.526733619,420.592617291927,0.4084077678973,0.190402210252251,1.33281547176575
41,44.8072010949138,473064.368280992,428.632546460919,0.4084077678973,0.190402210252251,1.33281547176575
54,45.6693131563724,472970.460030995,436.814287165707,0.4084077678973,0.190402210252251,1.33281547176575
41,46.5456185763185,472874.770157572,445.141303154887,0.403388176383518,0.192017750935384,1.34412425654769
46,47.4368772024298,472776.439236334,454.443963762626,0.403388176383518,0.192017750935384,1.34412425654769
55,48.3436670913283,472676.24660239,463.747804953671,0.403388176383518,0.192017750935384,1.34412425654769
46,49.2664513085458,472574.129498393,473.115347960326,0.403388176383518,0.192017750935384,1.34412425654769
27,50.205620515758,472470.034334878,482.587441882717,0.403388176383518,0.192017750935384,1.34412425654769
27,51.2548285873275,472363.913148999,492.191139385737,0.403388176383518,0.192017750935384,1.34412425654769
51,52.3041698119362,472255.721346957,501.944713550281,0.403388176383518,0.192017750935384,1.34412425654769
65,53.3606956971415,472145.416264181,511.860853616627,0.403388176383518,0.192017750935384,1.34412425654769
28,54.4290134416122,472032.956246441,521.948700632325,0.403388176383518,0.192017750935384,1.34412425654769
25,55.5121742019539,471918.300062885,532.215144062541,0.403388176383518,0.192017750935384,1.34412425654769
26,56.6122389223176,471801.406530556,542.665647578423,0.403388176383518,0.192017750935384,1.34412425654769
10,57.7306387688913,471682.234273737,553.304774881707,0.403388176383518,0.192017750935384,1.34412425654769
43,58.8684047220879,471560.741569235,564.136524407622,0.410964552008912,0.189579316847686,1.3270552179338
65,60.0263138157866,471438.459085692,573.591703068907,0.410964552008912,0.189579316847686,1.3270552179338
43,61.2049822745398,471313.801430263,583.53101788462,0.410964552008912,0.189579316847686,1.3270552179338
40,62.4049248191247,471186.781277638,593.844966932387,0.410964552008912,0.189579316847686,1.3270552179338
67,63.6265924162801,471057.392742035,604.46450914963,0.410964552008912,0.189579316847686,1.3270552179338
63,64.6930023593987,470925.617910439,615.346438915054,0.410964552008912,0.189579316847686,1.3270552179338
51,65.8140159887512,470791.431013165,626.464048405841,0.410964552008912,0.189579316847686,1.3270552179338
112,66.9772830417994,470654.801086269,637.801165620643,0.410964552008912,0.189579316847686,1.3270552179338
86,68.1750166666759,470515.693671323,649.34834744328,0.410964552008912,0.189579316847686,1.3270552179338
146,69.4023438825733,470374.071900753,661.100448524068,0.410964552008912,0.189579316847686,1.3270552179338
63,70.6562524261771,470229.897191047,673.055068525328,0.410964552008912,0.189579316847686,1.3270552179338
105,71.9349183252859,470083.129685718,685.211560149757,0.410964552008912,0.189579316847686,1.3270552179338
69,73.2372765304333,469933.72853864,697.570395197286,0.446301329952368,0.17820627937606,1.24744395563242
55,74.5627467192097,469790.775301197,701.009553600543,0.446301329952368,0.17820627937606,1.24744395563242
78,75.9110581675961,469645.264630204,706.318313873678,0.446301329952368,0.17820627937606,1.24744395563242
62,77.2821378696445,469497.456918516,712.862362786735,0.446301329952368,0.17820627937606,1.24744395563242
55,78.6760390376905,469347.513778557,720.233030188377,0.446301329952368,0.17820627937606,1.24744395563242
86,79.0639272890474,469195.533163563,728.167039144685,0.446301329952368,0.17820627937606,1.24744395563242
67,79.662680093591,469041.571997394,736.494797484639,0.446301329952368,0.17820627937606,1.24744395563242
101,80.4007559226298,468885.660756525,745.107078856765,0.446301329952368,0.17820627937606,1.24744395563242
29,81.23206258389,468727.812867056,753.933552554759,0.446301329952368,0.17820627937606,1.24744395563242
100,82.1269061762637,468568.03076114,762.928947959696,0.446301329952368,0.17820627937606,1.24744395563242
70,83.0661591101062,468406.309781105,772.064138403238,0.446301329952368,0.17820627937606,1.24744395563242
49,84.0375022033653,468242.640696829,781.320394997712,0.446301329952368,0.17820627937606,1.24744395563242
88,85.033003150667,468077.011329635,790.685683192825,0.444998933089453,0.178625451954515,1.25037816368161
78,86.0475560687824,467909.013366966,800.546509223528,0.444998933089453,0.178625451954515,1.25037816368161
57,87.0778758829563,467739.021203385,810.429370959641,0.444998933089453,0.178625451954515,1.25037816368161
26,88.121850240503,467567.005737747,820.358962405825,0.444998933089453,0.178625451954515,1.25037816368161
59,89.1781218149718,467392.941686376,830.351221294803,0.444998933089453,0.178625451954515,1.25037816368161
78,90.2902830234705,467216.806229934,840.416433478535,0.444998933089453,0.178625451954515,1.25037816368161
91,91.4049295467574,467038.578143526,850.561233190864,0.444998933089453,0.178625451954515,1.25037816368161
88,92.5248465180437,466858.23723823,860.789891848724,0.444998933089453,0.178625451954515,1.25037816368161
71,93.651831487355,466675.764003316,871.10514839282,0.444998933089453,0.178625451954515,1.25037816368161
58,94.7870445527919,466491.139377843,881.508744186586,0.444998933089453,0.178625451954515,1.25037816368161
60,95.9312339617633,466304.344605675,892.001767517474,0.444998933089453,0.178625451954515,1.25037816368161
77,97.0848814694695,466115.361144299,902.5848753905,0.444998933089453,0.178625451954515,1.25037816368161
82,98.2482959895448,465924.170608376,913.258436234964,0.432290174166344,0.18271572842742,1.27901009899194
83,99.4216739230667,465726.325779022,928.451578342436,0.432290174166344,0.18271572842742,1.27901009899194
87,100.605138013413,465526.187984736,942.899056959462,0.432290174166344,0.18271572842742,1.27901009899194
99,101.798762361422,465323.590341147,956.916889156459,0.432290174166344,0.18271572842742,1.27901009899194
45,103.002588520691,465118.415541395,970.708311077265,0.432290174166344,0.18271572842742,1.27901009899194
39,104.716159294025,464910.578139425,984.404050831595,0.432290174166344,0.18271572842742,1.27901009899194
89,106.345629809825,464700.013168192,998.088211899101,0.432290174166344,0.18271572842742,1.27901009899194
95,107.926642307987,464486.668828593,1011.81490911828,0.432290174166344,0.18271572842742,1.27901009899194
110,109.482118940736,464270.501794406,1025.61896148112,0.432290174166344,0.18271572842742,1.27901009899194
109,111.02680398325,464051.474198485,1039.52276510546,0.432290174166344,0.18271572842742,1.27901009899194
134,112.570183114242,463829.551699578,1053.54071099194,0.432290174166344,0.18271572842742,1.27901009899194
83,114.11835971937,463604.70224378,1067.68202459102,0.432290174166344,0.18271572842742,1.27901009899194
64,115.675260886699,463376.895272584,1081.95259086975,0.443485570973326,0.179112523075782,1.25378766153047
68,117.243412580424,463150.652541494,1091.80480378579,0.443485570973326,0.179112523075782,1.25378766153047
101,118.824437901146,462921.451053371,1102.64533115141,0.443485570973326,0.179112523075782,1.25378766153047
120,120.419377348728,462689.411580395,1114.15573789687,0.443485570973326,0.179112523075782,1.25378766153047
150,122.02889466392,462454.605832621,1126.13033809113,0.443485570973326,0.179112523075782,1.25378766153047
115,123.140084435342,462217.073950491,1138.4361526036,0.443485570973326,0.179112523075782,1.25378766153047
84,124.362742048221,461976.83578844,1150.98708413315,0.443485570973326,0.179112523075782,1.25378766153047
112,125.66095254666,461733.898195117,1163.72726063003,0.443485570973326,0.179112523075782,1.25378766153047
97,127.011517477212,461488.259712169,1176.62029145146,0.443485570973326,0.179112523075782,1.25378766153047
114,128.399438681493,461239.913608468,1189.64233686296,0.443485570973326,0.179112523075782,1.25378766153047
89,129.815005606031,460988.849840912,1202.77763704616,0.443485570973326,0.179112523075782,1.25378766153047
97,131.251916676679,460735.056323034,1216.01562751454,0.443485570973326,0.179112523075782,1.25378766153047
95,132.706067545474,460478.519747206,1229.34907784012,0.411634710604404,0.189363628285739,1.32554539800017
112,134.174769428752,460204.386027291,1257.61298218643,0.411634710604404,0.189363628285739,1.32554539800017
60,135.656244842704,459927.331242466,1283.14517057469,0.411634710604404,0.189363628285739,1.32554539800017
101,137.149302263205,459646.831028666,1307.01635025929,0.411634710604404,0.189363628285739,1.32554539800017
126,138.65312620061,459362.531723723,1329.91238515095,0.411634710604404,0.189363628285739,1.32554539800017
120,141.840893423842,459074.188997474,1352.272634369,0.411634710604404,0.189363628285739,1.32554539800017
146,144.72056186187,458781.628571433,1374.37853353714,0.411634710604404,0.189363628285739,1.32554539800017
157,147.412892095023,458484.721078614,1396.41031964859,0.411634710604404,0.189363628285739,1.32554539800017
115,149.995239837052,458183.365975984,1418.48335834812,0.411634710604404,0.189363628285739,1.32554539800017
50,152.517158560215,457877.481253077,1440.67140958565,0.411634710604404,0.189363628285739,1.32554539800017
114,155.010390208075,457566.996852181,1463.02152856466,0.411634710604404,0.189363628285739,1.32554539800017
145,157.495262955124,457251.850465537,1485.5636094962,0.411634710604404,0.189363628285739,1.32554539800017
150,159.984788408556,456931.984855067,1508.3164980665,0.474046279377595,0.169276649459988,1.18493654621992
169,162.487285643751,456641.782596082,1496.85545743873,0.474046279377595,0.169276649459988,1.18493654621992
227,165.008061819741,456347.245224436,1492.02173759691,0.474046279377595,0.169276649459988,1.18493654621992
191,167.550488579207,456049.375472054,1491.487142459,0.474046279377595,0.169276649459988,1.18493654621992
153,170.116691448052,455748.830019655,1493.73516636631,0.474046279377595,0.169276649459988,1.18493654621992
245,168.82404874697,455446.04039915,1497.77775359817,0.474046279377595,0.169276649459988,1.18493654621992
234,168.2788737602,455141.291687056,1502.97091497275,0.474046279377595,0.169276649459988,1.18493654621992
216,168.218579016862,454834.773725829,1508.89469320506,0.474046279377595,0.169276649459988,1.18493654621992
177,168.472124204425,454526.614465032,1515.27501536062,0.474046279377595,0.169276649459988,1.18493654621992
153,168.928070662383,454216.901665001,1521.93281231966,0.474046279377595,0.169276649459988,1.18493654621992
93,169.513785552018,453905.697025803,1528.75088905382,0.474046279377595,0.169276649459988,1.18493654621992
60,170.181903652592,453593.045385638,1535.65235140811,0.474046279377595,0.169276649459988,1.18493654621992
104,170.901513427376,453278.980709598,1542.58655716658,0.475773011392155,0.168720905867958,1.18104634107571
199,171.652418421426,452964.56562917,1548.48432616079,0.475773011392155,0.168720905867958,1.18104634107571
149,172.421400699045,452648.790814604,1554.56227549482,0.475773011392155,0.168720905867958,1.18104634107571
198,173.199787691013,452331.707137166,1560.73349783405,0.475773011392155,0.168720905867958,1.18104634107571
215,173.981867674201,452013.353113178,1566.94082225539,0.475773011392155,0.168720905867958,1.18104634107571
139,174.647052301901,451693.759304207,1573.14646677567,0.475773011392155,0.168720905867958,1.18104634107571
86,175.332558714395,451372.951183937,1579.32529369016,0.475773011392155,0.168720905867958,1.18104634107571
199,176.028584997927,451050.951005894,1585.4604129954,0.475773011392155,0.168720905867958,1.18104634107571
124,176.728683083877,450727.779020018,1591.54031627155,0.475773011392155,0.168720905867958,1.18104634107571
192,177.428591700833,450403.454264848,1597.55700818718,0.475773011392155,0.168720905867958,1.18104634107571
171,178.125475672512,450077.995083044,1603.50478835426,0.475773011392155,0.168720905867958,1.18104634107571
158,178.817430046269,449751.419456545,1609.37945718276,0.475773011392155,0.168720905867958,1.18104634107571
124,179.503156835699,449423.745224103,1615.17779818777,0.497742411456744,0.161650119432264,1.13155083602585
155,180.181754280904,449108.767746559,1607.11971609415,0.497742411456744,0.161650119432264,1.13155083602585
176,180.852579459029,448792.762271816,1601.70124761888,0.497742411456744,0.161650119432264,1.13155083602585
202,181.515158715927,448476.139943,1597.98332691107,0.497742411456744,0.161650119432264,1.13155083602585
194,182.169129277759,448159.176996621,1595.34960790743,0.497742411456744,0.161650119432264,1.13155083602585
205,181.260291996631,447842.061137252,1593.39554569519,0.497742411456744,0.161650119432264,1.13155083602585
268,180.649165664121,447524.92195947,1591.85561433772,0.497742411456744,0.161650119432264,1.13155083602585
149,180.229836981653,447207.850905563,1590.5555453771,0.497742411456744,0.161650119432264,1.13155083602585
148,179.932790861904,446890.914358837,1589.38098302773,0.497742411456744,0.161650119432264,1.13155083602585
173,179.712400380956,446574.162233703,1588.25691155607,0.497742411456744,0.161650119432264,1.13155083602585
160,179.53871798212,446257.633611318,1587.13415163024,0.497742411456744,0.161650119432264,1.13155083602585
265,179.392088656962,445941.360436742,1585.98049587993,0.497742411456744,0.161650119432264,1.13155083602585
349,179.259614696072,445625.36994412,1584.77488932584,0.687396425377586,0.10061053595871,0.704273751710967
241,179.132835389505,445428.889384396,1464.30047118513,0.687396425377586,0.10061053595871,0.704273751710967
140,179.00620400669,445232.560948135,1367.76881320924,0.687396425377586,0.10061053595871,0.704273751710967
110,178.876088013419,445038.502076885,1288.27392181753,0.687396425377586,0.10061053595871,0.704273751710967
271,178.740112706888,444848.101619303,1221.01959503547,0.687396425377586,0.10061053595871,0.704273751710967
313,165.152308393603,444662.246826491,1162.67046884067,0.687396425377586,0.10061053595871,0.704273751710967
197,154.264907575602,444481.480368354,1110.90283320922,0.687396425377586,0.10061053595871,0.704273751710967
243,145.299012202903,444306.108912074,1064.09372284741,0.687396425377586,0.10061053595871,0.704273751710967
125,137.713678771627,444136.27817981,1021.10571054149,0.687396425377586,0.10061053595871,0.704273751710967
106,131.132725563285,443972.024811856,981.13793638744,0.687396425377586,0.10061053595871,0.704273751710967
65,125.294071070678,443813.312181801,943.622979165271,0.687396425377586,0.10061053595871,0.704273751710967
98,120.014667845569,443660.055109033,908.155456100242,0.687396425377586,0.10061053595871,0.704273751710967
79,115.166230243257,443512.136890453,874.442583460115,0.474353426640995,0.169177795021659,1.18424456515161
101,110.658432634237,443272.158480598,939.53247662353,0.474353426640995,0.169177795021659,1.18424456515161
150,106.427277959054,443040.729345672,983.055116224157,0.474353426640995,0.169177795021659,1.18424456515161
209,102.427044794851,442814.711156277,1012.462282375,0.474353426640995,0.169177795021659,1.18424456515161
124,98.6247112924992,442592.055335037,1032.62564713919,0.474353426640995,0.169177795021659,1.18424456515161
75,105.965927334266,442371.425455924,1046.73039682432,0.474353426640995,0.169177795021659,1.18424456515161
159,110.874663306746,442151.950572789,1056.85920059482,0.474353426640995,0.169177795021659,1.18424456515161
141,114.191374233702,441933.064038916,1064.37389434931,0.474353426640995,0.169177795021659,1.18424456515161
185,116.465515573759,441714.39816895,1070.16498544463,0.474353426640995,0.169177795021659,1.18424456515161
144,118.056331130848,441495.715386366,1074.81477093998,0.474353426640995,0.169177795021659,1.18424456515161
119,119.198716424633,441276.863213914,1078.70398920442,0.474353426640995,0.169177795021659,1.18424456515161
80,120.046267214137,441057.744847538,1082.08155773971,0.474353426640995,0.169177795021659,1.18424456515161
103,120.699420089064,440838.29991662,1085.11017710965,0.297402574350047,0.226128903494576,1.58290232446203
203,121.223849892375,440544.496908801,1161.89114950666,0.297402574350047,0.226128903494576,1.58290232446203
191,121.662498507777,440250.230092967,1223.77973543883,0.297402574350047,0.226128903494576,1.58290232446203
269,122.043440296254,439952.58227318,1276.67160813834,0.297402574350047,0.226128903494576,1.58290232446203
228,122.385025571977,439649.644680596,1324.27487909458,0.297402574350047,0.226128903494576,1.58290232446203
203,131.044829404321,439340.139925122,1368.92465874998,0.297402574350047,0.226128903494576,1.58290232446203
162,138.024983430796,439023.185466351,1412.09418577122,0.297402574350047,0.226128903494576,1.58290232446203
120,143.990435906896,438698.145209448,1454.7156055198,0.297402574350047,0.226128903494576,1.58290232446203
139,149.359409174484,438364.536385134,1497.38130872983,0.297402574350047,0.226128903494576,1.58290232446203
262,154.395270546151,438021.971120017,1540.47031210018,0.297402574350047,0.226128903494576,1.58290232446203
212,159.264180431871,437670.119779583,1584.22759011405,0.297402574350047,0.226128903494576,1.58290232446203
293,164.071271597248,437308.687979387,1628.81387228796,0.297402574350047,0.226128903494576,1.58290232446203
168,168.883357308502,436937.402179063,1674.336898154,0.155843377277409,0.271689312407256,1.90182518685079
129,173.74318526938,436479.155963158,1797.71573442866,0.155843377277409,0.271689312407256,1.90182518685079
90,178.678385124341,436008.531794509,1908.79675619188,0.155843377277409,0.271689312407256,1.90182518685079
182,183.707084881399,435521.645187845,2013.92401161739,0.155843377277409,0.271689312407256,1.90182518685079
298,188.841436030487,435015.763938052,2117.02045908678,0.155843377277409,0.271689312407256,1.90182518685079
238,202.756817483028,434488.845726857,2220.53457846394,0.155843377277409,0.271689312407256,1.90182518685079
319,215.285180017848,433939.256401747,2326.01698788175,0.155843377277409,0.271689312407256,1.90182518685079
419,227.142042219467,433365.598290497,2434.47170155544,0.155843377277409,0.271689312407256,1.90182518685079
240,238.769858109582,432766.60557165,2546.57008009081,0.155843377277409,0.271689312407256,1.90182518685079
183,250.444781462323,432141.080539113,2662.78109660963,0.155843377277409,0.271689312407256,1.90182518685079
243,262.341699993101,431487.854833114,2783.45058328696,0.155843377277409,0.271689312407256,1.90182518685079
449,274.573852254092,430805.765940438,2908.8493593059,0.155843377277409,0.271689312407256,1.90182518685079
284,287.21695819212,430093.6430615,3039.2023663826,0.213518987010388,0.25312658799187,1.77188611594309
377,300.323911318561,429401.086528015,3123.91842659056,0.213518987010388,0.25312658799187,1.77188611594309
268,313.93371659391,428678.2299654,3221.99130388826,0.213518987010388,0.25312658799187,1.77188611594309
326,328.076918577926,427926.085331162,3329.73767734795,0.213518987010388,0.25312658799187,1.77188611594309
306,342.778887503294,427144.972387542,3444.90308549818,0.213518987010388,0.25312658799187,1.77188611594309
311,352.333656607501,426334.780132348,3566.1147235931,0.213518987010388,0.25312658799187,1.77188611594309
432,363.394885088435,425495.128778227,3692.5431329952,0.213518987010388,0.25312658799187,1.77188611594309
479,375.547146627697,424625.470348638,3823.69293598555,0.213518987010388,0.25312658799187,1.77188611594309
675,388.536169971867,423725.151407469,3959.27328995728,0.213518987010388,0.25312658799187,1.77188611594309
590,402.207122231648,422793.452449211,4099.11759022351,0.213518987010388,0.25312658799187,1.77188611594309
279,416.466452246333,421829.612923761,4243.13359762942,0.213518987010388,0.25312658799187,1.77188611594309
181,431.258288440781,420832.847440505,4391.27236135934,0.213518987010388,0.25312658799187,1.77188611594309
361,446.549827897249,419802.356578237,4543.50875135494,0.676082500548761,0.104251889203629,0.729763224425402
560,462.3222799719,419363.720032718,4073.4435466037,0.676082500548761,0.104251889203629,0.729763224425402
618,478.565241397342,418909.851310572,3712.62355942888,0.676082500548761,0.104251889203629,0.729763224425402
570,495.273191216391,418451.130102964,3428.82005515071,0.676082500548761,0.104251889203629,0.729763224425402
444,512.443295115171,417994.539529838,3199.6466172468,0.676082500548761,0.104251889203629,0.729763224425402
343,459.426612277293,417544.715480499,3009.54134313647,0.676082500548761,0.104251889203629,0.729763224425402
252,418.731239319963,417104.674237962,2847.67431704587,0.676082500548761,0.104251889203629,0.729763224425402
348,386.722232436425,416676.316667724,2706.49702387496,0.676082500548761,0.104251889203629,0.729763224425402
293,360.874721603012,416260.777404258,2580.73688256599,0.676082500548761,0.104251889203629,0.729763224425402
300,339.43354509932,415858.6665864,2466.70032391079,0.676082500548761,0.104251889203629,0.729763224425402
281,321.177242149397,415470.237137881,2361.78970764705,0.676082500548761,0.104251889203629,0.729763224425402
284,305.254447396033,415095.500469716,2264.16843428289,0.676082500548761,0.104251889203629,0.729763224425402
307,291.070488536638,414734.306456803,2172.52876033991,0.733674424046322,0.0857160989556077,0.600012692689254
188,278.208783392252,414448.256021873,2024.07344320136,0.733674424046322,0.0857160989556077,0.600012692689254
373,266.376355013034,414172.821520322,1894.69325611187,0.733674424046322,0.0857160989556077,0.600012692689254
288,255.366061045591,413908.571532316,1780.00459289534,0.733674424046322,0.0857160989556077,0.600012692689254
223,245.030406588093,413655.723041577,1676.85216505598,0.733674424046322,0.0857160989556077,0.600012692689254
260,228.286754037813,413414.254012646,1582.95076097585,0.733674424046322,0.0857160989556077,0.600012692689254
333,213.69450539848,413183.982384901,1496.63223652501,0.733674424046322,0.0857160989556077,0.600012692689254
149,200.75925211576,412964.621393503,1416.66678061852,0.733674424046322,0.0857160989556077,0.600012692689254
137,189.125122434515,412755.818208199,1342.13660979845,0.733674424046322,0.0857160989556077,0.600012692689254
81,178.53437692128,412557.180820871,1272.34667516677,0.733674424046322,0.0857160989556077,0.600012692689254
175,168.798872596372,412368.296659358,1206.76150164611,0.733674424046322,0.0857160989556077,0.600012692689254
203,159.779904225751,412188.745380018,1144.96048065747,0.733674424046322,0.0857160989556077,0.600012692689254
172,151.373958862679,412018.107568439,1086.60619610461,0.977186179927089,0.00734256051797752,0.0513979236258426
171,143.502644857205,412004.218686958,883.17383836482,0.977186179927089,0.00734256051797752,0.0513979236258426
126,136.105568221312,411991.018804156,719.738953494416,0.977186179927089,0.00734256051797752,0.0513979236258426
44,129.13529027754,411978.652032975,588.157933976481,0.977186179927089,0.00734256051797752,0.0513979236258426
117,122.553755279629,411967.194191279,481.984188876972,0.977186179927089,0.00734256051797752,0.0513979236258426
91,99.6094729114844,411956.672276893,396.109265487223,0.977186179927089,0.00734256051797752,0.0513979236258426
87,81.1763377458961,411947.07913425,326.480555032526,0.977186179927089,0.00734256051797752,0.0513979236258426
103,66.3358664479645,411938.384428129,269.879150147632,0.977186179927089,0.00734256051797752,0.0513979236258426
100,54.3609750653331,411930.542789232,223.744959014533,0.977186179927089,0.00734256051797752,0.0513979236258426
40,44.6755026435,411923.499800994,186.038955450316,0.977186179927089,0.00734256051797752,0.0513979236258426
56,36.8223724367221,411917.196344889,155.13462046475,0.977186179927089,0.00734256051797752,0.0513979236258426
72,30.4385373844151,411911.571703278,129.732337983202,0.977186179927089,0.00734256051797752,0.0513979236258426
41,25.2352554682819,411906.565726884,108.791846780802,0.744042558944077,0.0823791454028043,0.57665401781963
62,20.982553477489,411856.690721952,136.908482355916,0.744042558944077,0.0823791454028043,0.57665401781963
52,17.496983157277,411812.491154072,153.726353765274,0.744042558944077,0.0823791454028043,0.57665401781963
61,14.6319662615994,411772.779363159,162.692873924821,0.744042558944077,0.0823791454028043,0.57665401781963
30,12.2701760900964,411736.68879242,166.244869879112,0.744042558944077,0.0823791454028043,0.57665401781963
25,15.4413334863195,411703.581870397,166.102817926209,0.744042558944077,0.0823791454028043,0.57665401781963
64,17.3381506629706,411672.984628038,163.479496699461,0.744042558944077,0.0823791454028043,0.57665401781963
46,18.3494468632706,411644.540270794,159.227954603816,0.744042558944077,0.0823791454028043,0.57665401781963
55,18.7500615887314,411617.976192923,153.946441553788,0.744042558944077,0.0823791454028043,0.57665401781963
45,18.7340401447754,411593.080526537,148.05281962931,0.744042558944077,0.0823791454028043,0.57665401781963
40,18.438166746671,411569.685455145,141.837327095288,0.744042558944077,0.0823791454028043,0.57665401781963
27,17.9586531460505,411547.655327399,135.499989423047,0.744042558944077,0.0823791454028043,0.57665401781963
19,17.3629734415175,411526.878177976,129.177140960543,0.639145860004439,0.116139837721707,0.812978864051948
26,16.6982565444186,411499.219592758,131.000297986607,0.639145860004439,0.116139837721707,0.812978864051948
32,15.997237211299,411473.080718661,130.939112486464,0.639145860004439,0.116139837721707,0.812978864051948
25,15.2824754760977,411448.210100671,129.621907979599,0.639145860004439,0.116139837721707,0.812978864051948
22,14.5693479180902,411424.427726114,127.479900940099,0.639145860004439,0.116139837721707,0.812978864051948
43,14.7749741521477,411401.602969582,124.808677284264,0.639145860004439,0.116139837721707,0.812978864051948
7,14.7680732962184,411379.639407087,121.810504322304,0.639145860004439,0.116139837721707,0.812978864051948
10,14.6195113246723,411358.464357828,118.623452717111,0.639145860004439,0.116139837721707,0.812978864051948
37,14.3779233349598,411338.021679806,115.341440195779,0.639145860004439,0.116139837721707,0.812978864051948
17,14.076647222797,411318.266805091,112.028026871804,0.639145860004439,0.116139837721707,0.812978864051948
11,13.7384958697278,411299.163316738,108.725909850463,0.639145860004439,0.116139837721707,0.812978864051948
9,13.3790416867068,411280.680586968,105.463457649952,0.639145860004439,0.116139837721707,0.812978864051948
10,13.0088772602514,411262.792145978,102.259207109573,0.55918565570195,0.141874792991999,0.993123550943995
14,12.635171268971,411241.637218845,102.962292820624,0.55918565570195,0.141874792991999,0.993123550943995
5,12.2627393402844,411221.153936098,102.853117003973,0.55918565570195,0.141874792991999,0.993123550943995
10,11.894781040372,411201.230240971,102.206188730401,0.55918565570195,0.141874792991999,0.993123550943995
10,11.5333870615892,411181.788770212,101.206421743203,0.55918565570195,0.141874792991999,0.993123550943995
7,11.612685149969,411162.775580669,99.978326937757,0.55918565570195,0.141874792991999,0.993123550943995
6,11.6003716675278,411144.152548617,98.6056936015919,0.55918565570195,0.141874792991999,0.993123550943995
7,11.5274073409787,411125.892245073,97.144858425073,0.55918565570195,0.141874792991999,0.993123550943995
6,11.4146478158398,411107.974480323,95.6336514905531,0.55918565570195,0.141874792991999,0.993123550943995
5,11.2761361537617,411090.383973801,94.09742771474,0.55918565570195,0.141874792991999,0.993123550943995
13,11.1213225970453,411073.108782666,92.5531333064397,0.55918565570195,0.141874792991999,0.993123550943995
4,10.9565611247025,411056.13924189,91.0120474215464,0.55918565570195,0.141874792991999,0.993123550943995
9,10.7861184330503,411039.467249205,89.4816306219124,0.48272869273183,0.166482240400399,1.1653756828028
9,10.6128541967974,411020.244502105,90.8080515977738,0.48272869273183,0.166482240400399,1.1653756828028
6,10.4386797077571,411001.355447224,91.5354961586554,0.48272869273183,0.166482240400399,1.1653756828028
6,10.2648670946143,410982.716728727,91.8671154241678,0.48272869273183,0.166482240400399,1.1653756828028
4,10.0922578028483,410964.273059473,91.9373615930905,0.48272869273183,0.166482240400399,1.1653756828028
7,10.2418592612757,410945.98772895,91.8352197974903,0.48272869273183,0.166482240400399,1.1653756828028
6,10.323904682159,410927.836321369,91.6195834190075,0.48272869273183,0.166482240400399,1.1653756828028
6,10.3613066281973,410909.802558221,91.3294298832928,0.48272869273183,0.166482240400399,1.1653756828028
1,10.3692293989549,410891.875546801,90.9905553273034,0.48272869273183,0.166482240400399,1.1653756828028
5,10.3577092542449,410874.047959211,90.6200318510957,0.48272869273183,0.166482240400399,1.1653756828028
3,10.3333885315648,410856.31482718,90.2291575119992,0.48272869273183,0.166482240400399,1.1653756828028
4,10.3006633312696,410838.672744424,89.8254087657911,0.48272869273183,0.166482240400399,1.1653756828028
8,10.2624430914495,410821.119338747,89.4137326896826,0.437417949762558,0.181065369017314,1.2674575831212
8,10.2206533026637,410802.122939685,90.5273852136402,0.437417949762558,0.181065369017314,1.2674575831212
7,10.1765682254108,410783.219878392,91.3249694640498,0.437417949762558,0.181065369017314,1.2674575831212
7,10.1310310977793,410764.364288662,91.9155653010281,0.437417949762558,0.181065369017314,1.2674575831212
3,10.0845998798581,410745.52612771,92.3706131926838,0.437417949762558,0.181065369017314,1.2674575831212
6,10.2102040770151,410726.685716061,92.7369022038912,0.437417949762558,0.181065369017314,1.2674575831212
3,10.3001602592917,410707.830161634,93.0450761893869,0.437417949762558,0.181065369017314,1.2674575831212
7,10.3667710865939,410688.951017809,93.3152047772101,0.437417949762558,0.181065369017314,1.2674575831212
6,10.4180940296752,410670.042749618,93.5604320128818,0.437417949762558,0.181065369017314,1.2674575831212
5,10.4594062309143,410651.10172922,93.7893660077081,0.437417949762558,0.181065369017314,1.2674575831212
3,10.4941638821566,410632.125577998,94.00764402828,0.437417949762558,0.181065369017314,1.2674575831212
3,10.5246305525703,410613.11273567,94.218957551088,0.437417949762558,0.181065369017314,1.2674575831212
4,10.5522887039191,410594.062178085,94.425723625553,0.395000133350446,0.194717417777714,1.363021924444
2,10.578109208972,410573.533955418,96.0688015670955,0.395000133350446,0.194717417777714,1.363021924444
4,10.6027278713835,410552.964046385,97.4249502864358,0.395000133350446,0.194717417777714,1.363021924444
2,10.6265610373035,410532.306791291,98.5972153240501,0.395000133350446,0.194717417777714,1.363021924444
2,10.6498813155984,410511.532102704,99.6524608453207,0.395000133350446,0.194717417777714,1.363021924444
7,10.8351971850229,410490.619992172,100.634079208302,0.395000133350446,0.194717417777714,1.363021924444
3,10.9881515109495,410469.557019638,101.570235901466,0.395000133350446,0.194717417777714,1.363021924444
2,11.120366367682,410448.333990126,102.479218232498,0.395000133350446,0.194717417777714,1.363021924444
1,11.2393830839839,410426.944459537,103.372905175523,0.395000133350446,0.194717417777714,1.363021924444
5,11.3500957019186,410405.383765302,104.259018375116,0.395000133350446,0.194717417777714,1.363021924444
4,11.4556808887956,410383.648397546,105.142582455908,0.395000133350446,0.194717417777714,1.363021924444
0,11.5582011933459,410361.735591126,106.026872385238,0.395000133350446,0.194717417777714,1.363021924444
1,11.6589963952366,410339.643060964,106.914028069695,0.356877185664822,0.206987175740685,1.44891023018479
3,11.7589373863724,410315.965260899,109.209022521078,0.356877185664822,0.206987175740685,1.44891023018479
4,11.8585908730904,410292.092500618,111.239978298072,0.356877185664822,0.206987175740685,1.44891023018479
4,11.9583262252206,410267.976044614,113.108438641976,0.356877185664822,0.206987175740685,1.44891023018479
2,12.0583847938517,410243.582972807,114.87982272064,0.356877185664822,0.206987175740685,1.44891023018479
5,12.3172275920717,410218.890520297,116.596310687156,0.356877185664822,0.206987175740685,1.44891023018479
4,12.5462905756713,410193.882435838,118.285133008031,0.356877185664822,0.206987175740685,1.44891023018479
1,12.7570263809311,410168.546638972,119.963903272744,0.356877185664822,0.206987175740685,1.44891023018479
4,12.9568133614039,410142.873712588,121.644049001976,0.356877185664822,0.206987175740685,1.44891023018479
3,13.1504088396398,410116.855932949,123.333018840973,0.356877185664822,0.206987175740685,1.44891023018479
2,13.3408840257424,410090.486645463,125.035702558256,0.356877185664822,0.206987175740685,1.44891023018479
1,13.5302254825921,410063.7598629,126.755344610296,0.356877185664822,0.206987175740685,1.44891023018479
4,13.7197220723157,410036.670006693,128.494131894311,0.320962236784214,0.218546295818478,1.52982407072934
0,13.9102138963686,410007.67834388,131.786968328725,0.320962236784214,0.218546295818478,1.52982407072934
2,14.1022524512329,409978.292314685,134.815603858359,0.320962236784214,0.218546295818478,1.52982407072934
0,14.2962036655456,409948.45235197,137.692445801712,0.320962236784214,0.218546295818478,1.52982407072934
4,14.4923141902715,409918.11675717,140.489551441413,0.320962236784214,0.218546295818478,1.52982407072934
0,14.8636994004845,409887.25517571,143.253222612478,0.320962236784214,0.218546295818478,1.52982407072934
1,15.2052864987917,409855.844430814,146.01332298593,0.320962236784214,0.218546295818478,1.52982407072934
6,15.5297534351737,409823.86586284,148.789226362922,0.320962236784214,0.218546295818478,1.52982407072934
2,15.8452272483068,409791.303629722,151.593614208766,0.320962236784214,0.218546295818478,1.52982407072934
2,16.1569301279576,409758.143620959,154.434900129607,0.320962236784214,0.218546295818478,1.52982407072934
8,16.4682302723225,409724.37276329,157.318777773203,0.320962236784214,0.218546295818478,1.52982407072934
1,16.7813127711739,409689.9785764,160.249209108089,0.320962236784214,0.218546295818478,1.52982407072934
0,17.0976079137939,409654.94888826,163.229055426993,0.287319144137059,0.229374225686609,1.60561957980626
4,17.4180646355304,409617.504014936,168.028117664856,0.287319144137059,0.229374225686609,1.60561957980626
1,17.7433250990329,409579.367040297,172.559468771042,0.287319144137059,0.229374225686609,1.60561957980626
3,18.0738361581146,409540.459817743,176.954797570644,0.287319144137059,0.229374225686609,1.60561957980626
4,18.4099205259813,409500.725335709,181.29832009104,0.287319144137059,0.229374225686609,1.60561957980626
3,18.9511866269656,409460.119819657,185.644172124773,0.287319144137059,0.229374225686609,1.60561957980626
4,19.4622587122752,409418.607722374,190.02743498234,0.287319144137059,0.229374225686609,1.60561957980626
3,19.957989412147,409376.158545093,194.471125267495,0.287319144137059,0.229374225686609,1.60561957980626
7,20.4478770990795,409332.744819131,198.990626175514,0.287319144137059,0.229374225686609,1.60561957980626
9,20.9380275220505,409288.340823164,203.596496907395,0.287319144137059,0.229374225686609,1.60561957980626
3,21.4323973549285,409242.921766773,208.296253917687,0.287319144137059,0.229374225686609,1.60561957980626
8,21.933582543912,409196.463269541,213.095500365303,0.287319144137059,0.229374225686609,1.60561957980626
3,22.4433180950741,409148.941027476,217.998642357918,0.25394388715882,0.240115953436832,1.68081167405782
2,22.9627949364064,409098.054143579,225.285797782754,0.25394388715882,0.240115953436832,1.68081167405782
7,23.4928608172912,409046.002523343,232.280258462238,0.25394388715882,0.240115953436832,1.68081167405782
4,24.0341476945207,408992.671800447,239.154929665709,0.25394388715882,0.240115953436832,1.68081167405782
6,24.5871525144991,408937.975406481,246.020337698935,0.25394388715882,0.240115953436832,1.68081167405782
4,25.4090402101717,408881.843904033,252.947772607258,0.25394388715882,0.240115953436832,1.68081167405782
11,26.1979160931727,408824.218262583,259.983859535183,0.25394388715882,0.240115953436832,1.68081167405782
3,26.9732814236103,408765.045616508,267.159733703586,0.25394388715882,0.240115953436832,1.68081167405782
4,27.7476019999286,408704.276585624,274.496817847302,0.25394388715882,0.240115953436832,1.68081167405782
1,28.5289183273283,408641.863579363,282.010460538765,0.25394388715882,0.240115953436832,1.68081167405782
6,29.322489060297,408577.759720106,289.71222768729,0.25394388715882,0.240115953436832,1.68081167405782
4,30.1318258098063,408511.918156219,297.611346037401,0.25394388715882,0.240115953436832,1.68081167405782
7,30.959344756264,408444.29162032,305.715612728348,0.135485557287612,0.27824141656217,1.94768991593519
3,31.8067770007784,408363.803408661,325.060701842397,0.135485557287612,0.27824141656217,1.94768991593519
9,32.6754270137497,408281.136830756,342.71513937822,0.135485557287612,0.27824141656217,1.94768991593519
1,33.566335440993,408195.740483087,359.568459171581,0.135485557287612,0.27824141656217,1.94768991593519
2,34.4803816891404,408107.218083326,376.177167098596,0.135485557287612,0.27824141656217,1.94768991593519
4,36.6622331507325,408015.266446263,392.89337074155,0.135485557287612,0.27824141656217,1.94768991593519
3,38.6534031119577,407919.637270829,409.943872027271,0.135485557287612,0.27824141656217,1.94768991593519
0,40.5542183631585,407820.113562112,427.478806339425,0.135485557287612,0.27824141656217,1.94768991593519
0,42.4274448679357,407716.495048056,445.60155912774,0.135485557287612,0.27824141656217,1.94768991593519
4,44.3127953636416,407608.589123623,464.387171734827,0.135485557287612,0.27824141656217,1.94768991593519
0,46.2358498883226,407496.205190938,483.893670073117,0.135485557287612,0.27824141656217,1.94768991593519
1,48.2135415821855,407379.151085049,504.169041947054,0.135485557287612,0.27824141656217,1.94768991593519
7,50.2575308564732,407257.230779736,525.255538870996,0.17591734124134,0.265228566474756,1.85659996532329
9,52.376281309471,407136.181873629,541.25333720319,0.17591734124134,0.265228566474756,1.85659996532329
3,54.5763374404625,407010.102456094,559.082087297849,0.17591734124134,0.265228566474756,1.85659996532329
6,56.8631115926345,406879.04009016,578.328035772107,0.17591734124134,0.265228566474756,1.85659996532329
11,59.2413691370748,406742.958465189,598.744053589096,0.17591734124134,0.265228566474756,1.85659996532329
6,61.0456937110053,406601.767121072,620.18658698846,0.17591734124134,0.265228566474756,1.85659996532329
3,63.0565236546182,406455.339818676,642.576571986105,0.17591734124134,0.265228566474756,1.85659996532329
7,65.2271934592762,406303.525871265,665.875205000576,0.17591734124134,0.265228566474756,1.85659996532329
9,67.5298304774503,406146.157111782,690.068923483243,0.17591734124134,0.265228566474756,1.85659996532329
14,69.948243882621,405983.052154346,715.160096222885,0.17591734124134,0.265228566474756,1.85659996532329
16,72.4735163796424,405814.018978089,741.161253234513,0.17591734124134,0.265228566474756,1.85659996532329
15,75.1012714753168,405638.856470878,768.091509799124,0.17591734124134,0.265228566474756,1.85659996532329
8,77.8299795066703,405457.35532826,795.974350457614,0.100297015399836,0.289566744697688,2.02696721288381
2,80.6599076394535,405252.04189247,842.092916155829,0.100297015399836,0.289566744697688,2.02696721288381
39,83.5924690815047,405039.335283699,886.380941695417,0.100297015399836,0.289566744697688,2.02696721288381
75,86.6298197651917,404818.185769338,930.254267717386,0.100297015399836,0.289566744697688,2.02696721288381
79,89.7746084133807,404587.782462985,974.606720527111,0.100297015399836,0.289566744697688,2.02696721288381
82,94.9761280022515,404347.453787555,1020.01405185182,0.100297015399836,0.289566744697688,2.02696721288381
47,99.9711886445103,404096.606464929,1066.85856410736,0.100297015399836,0.289566744697688,2.02696721288381
16,104.919477067561,403834.688041912,1115.40527430226,0.100297015399836,0.289566744697688,2.02696721288381
12,109.92180419139,403561.163797289,1165.84846406511,0.100297015399836,0.289566744697688,2.02696721288381
91,115.04310663842,403275.502438131,1218.34013041039,0.100297015399836,0.289566744697688,2.02696721288381
136,120.326502694637,402977.167170082,1273.00737237672,0.100297015399836,0.289566744697688,2.02696721288381
139,125.801882516863,402665.610056028,1329.96301195608,0.100297015399836,0.289566744697688,2.02696721288381
151,131.491158315107,402340.268389995,1389.31207559723,0.193627523316484,0.259528596752212,1.81670017726549
212,137.411473195108,402035.801651496,1415.91639897712,0.193627523316484,0.259528596752212,1.81670017726549
188,143.577162124337,401717.896182367,1450.63858831028,0.193627523316484,0.259528596752212,1.81670017726549
84,150.000949822058,401387.44179754,1490.96525547557,0.193627523316484,0.259528596752212,1.81670017726549
126,156.69468178091,401044.871040986,1535.34296093408,0.193627523316484,0.259528596752212,1.81670017726549
264,159.695271827762,400690.329027694,1582.81638203927,0.193627523316484,0.259528596752212,1.81670017726549
308,163.61144192652,400323.779257926,1632.80287539969,0.193627523316484,0.259528596752212,1.81670017726549
377,168.159717572963,399945.06955456,1684.9520036859,0.193627523316484,0.259528596752212,1.81670017726549
353,173.164892837131,399553.973168708,1739.05798880052,0.193627523316484,0.259528596752212,1.81670017726549
247,178.519220884651,399150.214425419,1795.00513432942,0.193627523316484,0.259528596752212,1.81670017726549
207,184.156987811199,398733.484747213,1852.73378567006,0.193627523316484,0.259528596752212,1.81670017726549
354,190.038669260232,398303.452692022,1912.21908372722,0.193627523316484,0.259528596752212,1.81670017726549
414,196.14105638325,397859.770271193,1973.45768780996,0.788484742858289,0.0680755599489742,0.47652891964282
382,202.451100266971,397739.715183328,1698.82123811318,0.788484742858289,0.0680755599489742,0.47652891964282
330,208.962072718984,397615.782589361,1482.98958445774,0.788484742858289,0.0680755599489742,0.47652891964282
236,215.671169986207,397491.464833211,1310.70942371586,0.788484742858289,0.0680755599489742,0.47652891964282
181,222.578015286121,397369.124579398,1170.90779278634,0.788484742858289,0.0680755599489742,0.47652891964282
151,191.602922039215,397250.319887723,1055.53092590378,0.788484742858289,0.0680755599489742,0.47652891964282
150,167.260175091415,397136.038050871,958.706577574832,0.788484742858289,0.0680755599489742,0.47652891964282
194,147.82941836024,397026.863619446,876.139693485432,0.788484742858289,0.0680755599489742,0.47652891964282
160,132.061778781108,396923.098986937,804.676387296656,0.788484742858289,0.0680755599489742,0.47652891964282
126,119.048905893445,396824.850797924,741.989298850556,0.788484742858289,0.0680755599489742,0.47652891964282
110,108.128493758162,396732.091747688,686.350489316625,0.788484742858289,0.0680755599489742,0.47652891964282
64,98.8161212140245,396644.70467228,636.467466860962,0.788484742858289,0.0680755599489742,0.47652891964282
72,90.7560746492898,396562.513901632,591.364744136433,0.726493664211107,0.0880272052712807,0.616190436898965
103,83.6858608734462,396462.679726164,572.92597077743,0.726493664211107,0.0880272052712807,0.616190436898965
83,77.4105929133371,396368.995191496,552.025311290141,0.726493664211107,0.0880272052712807,0.616190436898965
83,71.7844960361469,396280.834688286,529.78075224199,0.726493664211107,0.0880272052712807,0.616190436898965
96,66.6975491155031,396197.696000023,506.963290056813,0.726493664211107,0.0880272052712807,0.616190436898965
85,64.6179172065402,396119.167218193,484.099413875288,0.726493664211107,0.0880272052712807,0.616190436898965
58,62.2606194871175,396044.90318975,461.543559543435,0.726493664211107,0.0880272052712807,0.616190436898965
38,59.7517489729759,395974.608712821,439.529324563329,0.726493664211107,0.0880272052712807,0.616190436898965
93,57.1782631169508,395908.026512114,418.205660357656,0.726493664211107,0.0880272052712807,0.616190436898965
81,54.5995424209531,395844.92860179,397.662438610296,0.726493664211107,0.0880272052712807,0.616190436898965
52,52.0555622174363,395785.110050965,377.948501712979,0.726493664211107,0.0880272052712807,0.616190436898965
46,49.5726689888756,395728.384455013,359.084397322755,0.726493664211107,0.0880272052712807,0.616190436898965
34,47.1676623414853,395674.580619502,341.071353369234,0.669454635523775,0.10638504795983,0.744695335718813
12,44.8506785255393,395612.895742828,334.541959369081,0.669454635523775,0.10638504795983,0.744695335718813
9,42.6272262695398,395554.373768952,326.155541371567,0.669454635523775,0.10638504795983,0.744695335718813
31,40.4996230575419,395498.671158273,316.627043776354,0.669454635523775,0.10638504795983,0.744695335718813
22,38.4680073825762,395445.524297371,306.44849592276,0.669454635523775,0.10638504795983,0.744695335718813
18,37.7315844196962,395394.726189488,295.956904621821,0.669454635523775,0.10638504795983,0.744695335718813
15,36.7857155091153,395346.110186377,285.381526807887,0.669454635523775,0.10638504795983,0.744695335718813
10,35.7110362309623,395299.53862409,274.876783733261,0.669454635523775,0.10638504795983,0.744695335718813
7,34.5630405106882,395254.894874668,264.545176409083,0.669454635523775,0.10638504795983,0.744695335718813
8,33.379737932994,395212.077777744,254.453238051237,0.669454635523775,0.10638504795983,0.744695335718813
12,32.1869854259268,395170.997730682,244.642637503111,0.669454635523775,0.10638504795983,0.744695335718813
9,31.0021995148412,395131.573934909,235.137905774932,0.669454635523775,0.10638504795983,0.744695335718813
7,29.836940858861,395093.732448617,225.951810912466,0.620365718582874,0.122184170695462,0.855289194868235
12,28.6987134603441,395052.009824616,222.484072730966,0.620365718582874,0.122184170695462,0.855289194868235
5,27.5922169733633,395011.952914094,218.04416870609,0.620365718582874,0.122184170695462,0.855289194868235
10,26.5202181476713,394973.38986117,212.998387889855,0.620365718582874,0.122184170695462,0.855289194868235
3,25.4841570375967,394936.191862832,207.596708649811,0.620365718582874,0.122184170695462,0.855289194868235
4,25.0930453929246,394900.260038988,202.009190763874,0.620365718582874,0.122184170695462,0.855289194868235
3,24.5922872403571,394865.516395853,196.350995745319,0.620365718582874,0.122184170695462,0.855289194868235
3,24.0231947857361,394831.897603684,190.699588765493,0.620365718582874,0.122184170695462,0.855289194868235
1,23.4139620406473,394799.350709619,185.106565077217,0.620365718582874,0.122184170695462,0.855289194868235
2,22.7837693341558,394767.830181213,179.605780467979,0.620365718582874,0.122184170695462,0.855289194868235
2,22.1456052503189,394737.295865112,174.218940475872,0.620365718582874,0.122184170695462,0.855289194868235
4,21.5082067608993,394707.711575187,168.959442305788,0.620365718582874,0.122184170695462,0.855289194868235
3,20.877393078055,394679.044113701,163.835015330147,0.582427037279937,0.134394623068138,0.940762361476965
2,20.2569826540548,394648.486249094,161.62587687124,0.582427037279937,0.134394623068138,0.940762361476965
2,19.6494235655001,394618.871104779,158.915845812278,0.582427037279937,0.134394623068138,0.940762361476965
0,19.0562268269385,394590.110315525,155.893465903703,0.582427037279937,0.134394623068138,0.940762361476965
3,18.4782642018657,394562.138609256,152.686478991167,0.582427037279937,0.134394623068138,0.940762361476965
3,18.229104740929,394534.906562509,149.381229940811,0.582427037279937,0.134394623068138,0.940762361476965
2,17.9234517045385,394508.375663709,146.035882752713,0.582427037279937,0.134394623068138,0.940762361476965
3,17.5825701514924,394482.514948221,142.689421690168,0.582427037279937,0.134394623068138,0.940762361476965
4,17.2208675487714,394457.29870389,139.367781682544,0.582427037279937,0.134394623068138,0.940762361476965
4,16.8480823716689,394432.70490572,136.088023516079,0.582427037279937,0.134394623068138,0.940762361476965
3,16.470774693795,394408.714147193,132.861177340303,0.582427037279937,0.134394623068138,0.940762361476965
1,16.0933413866942,394385.308909903,129.694179161662,0.582427037279937,0.134394623068138,0.940762361476965
4,15.7187075422704,394362.473063669,126.591189563426,0.549944354949734,0.144849078307703,1.01394354815392
0,15.3487973750449,394338.458259663,125.287755656776,0.549944354949734,0.144849078307703,1.01394354815392
1,14.9848549293191,394315.025598161,123.6628660274,0.549944354949734,0.144849078307703,1.01394354815392
0,14.6276624881684,394292.121366247,121.834524736237,0.549944354949734,0.144849078307703,1.01394354815392
1,14.2776893063287,394269.706759558,119.882226478147,0.549944354949734,0.144849078307703,1.01394354815392
0,14.1306804630225,394247.753093803,117.85944693706,0.549944354949734,0.144849078307703,1.01394354815392
1,13.9474159770395,394226.238568238,115.802083115253,0.549944354949734,0.144849078307703,1.01394354815392
0,13.741205031466,394205.146077823,113.734156906257,0.549944354949734,0.144849078307703,1.01394354815392
1,13.5210134995084,394184.461734034,111.671669314966,0.549944354949734,0.144849078307703,1.01394354815392
1,13.292872679263,394164.173864515,109.625204971023,0.549944354949734,0.144849078307703,1.01394354815392
3,13.060831243053,394144.272336351,107.601692140128,0.549944354949734,0.144849078307703,1.01394354815392
3,12.8275985194939,394124.748098014,105.605592049286,0.549944354949734,0.144849078307703,1.01394354815392
2,12.5949791948144,394105.592869095,103.639702558428,0.528478541493101,0.151757786882998,1.06230450818098
0,12.3641670649967,394085.902535898,102.602095243774,0.528478541493101,0.151757786882998,1.06230450818098
1,12.1359435400695,394066.583118369,101.401093724251,0.528478541493101,0.151757786882998,1.06230450818098
0,11.910811783115,394047.606172533,100.097820815253,0.528478541493101,0.151757786882998,1.06230450818098
1,11.6890873530196,394028.951167201,98.7332619841033,0.528478541493101,0.151757786882998,1.06230450818098
0,11.5720599760617,394010.602911959,97.3348648289461,0.528478541493101,0.151757786882998,1.06230450818098
1,11.4366040520647,393992.549827652,95.9209761706547,0.528478541493101,0.151757786882998,1.06230450818098
1,11.2896133670083,393974.782783284,94.5038253041099,0.528478541493101,0.151757786882998,1.06230450818098
1,11.1357104998456,393957.294313749,93.091529778112,0.528478541493101,0.151757786882998,1.06230450818098
0,10.9779911500468,393940.078093593,91.6894439794182,0.528478541493101,0.151757786882998,1.06230450818098
0,10.818524578586,393923.128582924,90.3010658524608,0.528478541493101,0.151757786882998,1.06230450818098
0,10.6586900763391,393906.440789075,88.9286465303437,0.528478541493101,0.151757786882998,1.06230450818098
0,10.4994031875875,393890.010106083,87.5736002160227,0.513109659231529,0.156704216185,1.096929513295
1,10.3412678111557,393873.304900201,86.7640860557887,0.513109659231529,0.156704216185,1.096929513295
1,10.1846784655246,393856.85648273,85.8596863147621,0.513109659231529,0.156704216185,1.096929513295
0,10.029889046555,393840.647931137,84.8963006447353,0.513109659231529,0.156704216185,1.096929513295
0,9.87705905626671,393824.667046905,83.8979247482885,0.513109659231529,0.156704216185,1.096929513295
1,9.78575734949901,393808.904806942,82.8805797619971,0.513109659231529,0.156704216185,1.096929513295
2,9.68375389605463,393793.354325995,81.8549447565569,0.513109659231529,0.156704216185,1.096929513295
0,9.57509766708444,393778.010161404,80.8281203963289,0.513109659231529,0.156704216185,1.096929513295
1,9.4624950372367,393762.867847201,79.8048105192479,0.513109659231529,0.156704216185,1.096929513295
1,9.34775296330792,393747.923581867,78.7881137499894,0.513109659231529,0.156704216185,1.096929513295
0,9.23207589289036,393733.174019015,77.7800538516198,0.513109659231529,0.156704216185,1.096929513295
0,9.11626468013484,393718.616127055,76.7819350418295,0.513109659231529,0.156704216185,1.096929513295
0,9.00084985119257,393704.247095047,75.7945800413234,0.50046005383216,0.160775454271238,1.12542817989866
1,8.8861808869441,393689.695794055,75.1869650245382,0.50046005383216,0.160775454271238,1.12542817989866
3,8.77248603913734,393675.33294632,74.5124197543646,0.50046005383216,0.160775454271238,1.12542817989866
4,8.65991240501528,393661.146844041,73.7960380831686,0.50046005383216,0.160775454271238,1.12542817989866
0,8.54855277579548,393647.129120408,73.0545540992365,0.50046005383216,0.160775454271238,1.12542817989866
3,8.48002242658685,393633.273646052,72.2991176353656,0.50046005383216,0.160775454271238,1.12542817989866
0,8.40394329482573,393619.575791806,71.5371483547362,0.50046005383216,0.160775454271238,1.12542817989866
1,8.32314561086874,393606.031936172,70.7735743172414,0.50046005383216,0.160775454271238,1.12542817989866
0,8.2395167423455,393592.639136256,70.0116593702319,0.50046005383216,0.160775454271238,1.12542817989866
1,8.15431423213118,393579.394907885,69.2535558667487,0.50046005383216,0.160775454271238,1.12542817989866
2,8.06837491291543,393566.297078682,68.500673896715,0.50046005383216,0.160775454271238,1.12542817989866
1,7.9822545999037,393553.343689855,67.7539279442751,0.50046005383216,0.160775454271238,1.12542817989866
1,7.89632140874903,393540.532930548,67.0139016623741,0.490014343305582,0.164137375310746,1.14896162717522
0,7.81081809432327,393527.598159271,66.5458926069511,0.490014343305582,0.164137375310746,1.14896162717522
1,7.72590369475448,393514.805599767,66.0292735892173,0.490014343305582,0.164137375310746,1.14896162717522
2,7.64168135087364,393502.146897318,65.4821213209096,0.490014343305582,0.164137375310746,1.14896162717522
2,7.5582168904484,393489.616127323,64.9164670520096,0.490014343305582,0.164137375310746,1.14896162717522
1,7.5054321120691,393477.208987777,64.3403131867079,0.490014343305582,0.164137375310746,1.14896162717522
8,7.44716481992672,393464.922261094,63.7589772332008,0.490014343305582,0.164137375310746,1.14896162717522
2,7.38545381051846,393452.753455413,63.1759874671524,0.490014343305582,0.164137375310746,1.14896162717522
2,7.32165603806681,393440.700565546,62.5936798412425,0.490014343305582,0.164137375310746,1.14896162717522
3,7.2566740601757,393428.761913625,62.0135957935564,0.490014343305582,0.164137375310746,1.14896162717522
3,7.19110761629129,393416.936042893,61.4367473666447,0.490014343305582,0.164137375310746,1.14896162717522
4,7.12535464582695,393405.22164689,60.8637938964726,0.490014343305582,0.164137375310746,1.14896162717522
7,7.05967861108773,393393.61752224,60.2951597673189,0.433796640459567,0.182230876706361,1.27561613694453
8,6.99425336440996,393380.855400242,60.9982498119294,0.433796640459567,0.182230876706361,1.27561613694453
9,6.92919304982809,393368.213289046,61.4407110455728,0.433796640459567,0.182230876706361,1.27561613694453
2,6.86457203108016,393355.654228773,61.71162910875,0.433796640459567,0.182230876706361,1.27561613694453
8,6.80043817268898,393343.15390553,61.8696265302576,0.433796640459567,0.182230876706361,1.27561613694453
9,6.87973674983279,393330.696326828,61.9532799268751,0.433796640459567,0.182230876706361,1.27561613694453
13,6.92964009654943,393318.270975909,61.9879748597523,0.433796640459567,0.182230876706361,1.27561613694453
7,6.96019580857692,393305.870939219,61.9904165785189,0.433796640459567,0.182230876706361,1.27561613694453
8,6.9780156750563,393293.491674212,61.9715982696435,0.433796640459567,0.182230876706361,1.27561613694453
11,6.98745059079129,393281.130198537,61.9387542907097,0.433796640459567,0.182230876706361,1.27561613694453
9,6.9913636867487,393268.784556482,61.896645487813,0.433796640459567,0.182230876706361,1.27561613694453
4,6.99163907796703,393256.453467875,61.8484049967911,0.433796640459567,0.182230876706361,1.27561613694453
5,6.98951663983907,393244.136097049,61.7960948238303,0.4645723893359,0.172325792950622,1.20628055065435
30,6.98581230521343,393232.500690288,61.072282619562,0.4645723893359,0.172325792950622,1.20628055065435
27,6.98106302995269,393220.877390529,60.4811258549895,0.4645723893359,0.172325792950622,1.20628055065435
17,6.97562218730661,393209.283846667,59.97844454614,0.4645723893359,0.172325792950622,1.20628055065435
31,6.9697223423042,393197.731641549,59.5349607548153,0.4645723893359,0.172325792950622,1.20628055065435
28,6.88808659968806,393186.228338944,59.1312712080368,0.4645723893359,0.172325792950622,1.20628055065435
23,6.82141250771523,393174.778839924,58.7545159872004,0.4645723893359,0.172325792950622,1.20628055065435
46,6.76471719129863,393163.386281631,58.396171082955,0.4645723893359,0.172325792950622,1.20628055065435
54,6.71469851459006,393152.052632838,58.050585658577,0.4645723893359,0.172325792950622,1.20628055065435
45,6.66916806381388,393140.779088583,57.7140127819478,0.4645723893359,0.172325792950622,1.20628055065435
45,6.6266754226894,393129.566331661,57.38396714733,0.4645723893359,0.172325792950622,1.20628055065435
32,6.58625920395438,393118.414705906,57.0587994729422,0.4645723893359,0.172325792950622,1.20628055065435
20,6.5472820734362,393107.324331008,56.7374144766326,0.551608791454503,0.144313384341259,1.01019369038882
31,6.50932143037707,393098.088021785,54.6262408048159,0.551608791454503,0.144313384341259,1.01019369038882
37,6.47209696756702,393088.902835609,52.8861788196862,0.551608791454503,0.144313384341259,1.01019369038882
51,6.43542266943157,393079.80869732,51.403081344528,0.551608791454503,0.144313384341259,1.01019369038882
59,6.39917500369078,393070.831527223,50.0996351730257,0.551608791454503,0.144313384341259,1.01019369038882
72,6.16106458019407,393061.987794783,48.9234405782552,0.551608791454503,0.144313384341259,1.01019369038882
49,5.96481028727594,393053.287597939,47.8389493062141,0.551608791454503,0.144313384341259,1.01019369038882
24,5.79753794364495,393044.736745284,46.8220120998584,0.551608791454503,0.144313384341259,1.01019369038882
35,5.65052771703743,393036.338163889,45.8561910748368,0.551608791454503,0.144313384341259,1.01019369038882
36,5.5178696620351,393028.092851065,44.9302656840115,0.551608791454503,0.144313384341259,1.01019369038882
48,5.39555444016991,393020.000517691,44.0365459211589,0.551608791454503,0.144313384341259,1.01019369038882
31,5.28085835802971,393012.060022956,43.169731472258,0.551608791454503,0.144313384341259,1.01019369038882
34,5.17192745558433,393004.269668033,42.3261401002534,0.567258054058747,0.1392767154552,0.974937008186401
33,5.0674962143847,392996.894116693,41.2364634202711,0.567258054058747,0.1392767154552,0.974937008186401
23,4.96669731088328,392989.659268732,40.2240186975587,0.567258054058747,0.1392767154552,0.974937008186401
38,4.86893294489284,392982.56854222,39.2699414696451,0.567258054058747,0.1392767154552,0.974937008186401
24,4.77378781234042,392975.623199733,38.3612956630309,0.567258054058747,0.1392767154552,0.974937008186401
22,4.65088775006283,392968.823063384,37.4891728792787,0.567258054058747,0.1392767154552,0.974937008186401
27,4.53669835630982,392962.166999782,36.6474019059744,0.567258054058747,0.1392767154552,0.974937008186401
19,4.42909198748296,392955.653248786,35.8316725200236,0.567258054058747,0.1392767154552,0.974937008186401
19,4.32660963811033,392949.27964624,35.0389405622842,0.567258054058747,0.1392767154552,0.974937008186401
10,4.22824656729689,392943.043774716,34.2670239737458,0.567258054058747,0.1392767154552,0.974937008186401
6,4.13330674987853,392936.943065415,33.5143284805447,0.567258054058747,0.1392767154552,0.974937008186401
12,4.0413040538709,392930.974866898,32.7796613015568,0.567258054058747,0.1392767154552,0.974937008186401
21,3.95189514133256,392925.136491321,32.0621046177044,0.560474263915339,0.141460058249613,0.990220407747294
15,3.86483390697999,392919.335714227,31.4504607885372,0.560474263915339,0.141460058249613,0.990220407747294
7,3.779940539351,392913.661340897,30.8347419610473,0.560474263915339,0.141460058249613,0.990220407747294
4,3.69708050966551,392908.108719099,30.220415366645,0.560474263915339,0.141460058249613,0.990220407747294
10,3.61615030095939,392902.673950056,29.6111013356798,0.560474263915339,0.141460058249613,0.990220407747294
7,3.54716555890033,392897.353661041,29.0091700840254,0.560474263915339,0.141460058249613,0.990220407747294
5,3.47772121487232,392892.144850921,28.4161461874977,0.560474263915339,0.141460058249613,0.990220407747294
14,3.40843389497478,392887.044785165,27.8329827059733,0.560474263915339,0.141460058249613,0.990220407747294
6,3.339711921083,392882.050924374,27.2602469553148,0.560474263915339,0.141460058249613,0.990220407747294
14,3.2718226199039,392877.160875545,26.698246393729,0.560474263915339,0.141460058249613,0.990220407747294
7,3.20493794194921,392872.372358742,26.1471139174924,0.560474263915339,0.141460058249613,0.990220407747294
5,3.13916537884497,392867.683184232,25.6068656443481,0.560474263915339,0.141460058249613,0.990220407747294
4,3.07456891576779,392863.091236698,25.0774400492016,0.54992831358505,0.144854241173484,1.01397968821439
8,3.01118322963926,392858.486569028,24.6666197093659,0.54992831358505,0.144854241173484,1.01397968821439
7,2.94902330927299,392853.977317326,24.2425474699088,0.54992831358505,0.144854241173484,1.01397968821439
3,2.88809097252162,392849.559069121,23.8122861801671,0.54992831358505,0.144854241173484,1.01397968821439
7,2.82837928022781,392845.228339294,23.3805587711615,0.54992831358505,0.144854241173484,1.01397968821439
6,2.78204457721156,392840.982279171,22.9505071401908,0.54992831358505,0.144854241173484,1.01397968821439
4,2.73421524801978,392836.818479673,22.5242052105391,0.54992831358505,0.144854241173484,1.01397968821439
2,2.6856878818053,392832.73483805,22.1030057912708,0.54992831358505,0.144854241173484,1.01397968821439
6,2.63699515814841,392828.729467612,21.6877750706942,0.54992831358505,0.144854241173484,1.01397968821439
5,2.58849143846732,392824.800636529,21.2790511398732,0.54992831358505,0.144854241173484,1.01397968821439
4,2.54041063187055,392820.946726287,20.8771511534824,0.54992831358505,0.144854241173484,1.01397968821439
3,2.49290531601833,392817.166203445,20.4822437648293,0.54992831358505,0.144854241173484,1.01397968821439
7,2.44607318465688,392813.457600374,20.0943980831047,0.532267392515941,0.150538356386926,1.05376849470848
2,2.39997492682039,392809.676742232,19.8563766083325,0.532267392515941,0.150538356386926,1.05376849470848
1,2.35464631305433,392805.967731615,19.5941119039906,0.532267392515941,0.150538356386926,1.05376849470848
6,2.31010636505789,392802.325854951,19.3171661872786,0.532267392515941,0.150538356386926,1.05376849470848
2,2.26636287736683,392798.747636936,19.03195096465,0.532267392515941,0.150538356386926,1.05376849470848
5,2.23951743356659,392795.230440762,18.7427569456452,0.532267392515941,0.150538356386926,1.05376849470848
2,2.20993769758713,392791.772198896,18.4524474230419,0.532267392515941,0.150538356386926,1.05376849470848
1,2.17870215179941,392788.371231751,18.1629250834404,0.532267392515941,0.150538356386926,1.05376849470848
1,2.14653392312432,392785.026125536,17.8754462808351,0.532267392515941,0.150538356386926,1.05376849470848
2,2.11391694269433,392781.735649946,17.5908326151476,0.532267392515941,0.150538356386926,1.05376849470848
2,2.08117414929225,392778.498702666,17.3096133715953,0.532267392515941,0.150538356386926,1.05376849470848
4,2.04852013895925,392775.314271951,17.0321214122614,0.532267392515941,0.150538356386926,1.05376849470848
1,2.01609661059279,392772.181411352,16.7585577294425,0.501566629523464,0.160419306157719,1.12293514310403
3,1.98399622900197,392768.89691571,16.691341825077,0.501566629523464,0.160419306157719,1.12293514310403
2,1.95227869004648,392765.665501452,16.5844877188228,0.501566629523464,0.160419306157719,1.12293514310403
1,1.92098153584454,392762.481257311,16.4518343155665,0.501566629523464,0.160419306157719,1.12293514310403
1,1.89012743547425,392759.340100805,16.3026239584818,0.501566629523464,0.160419306157719,1.12293514310403
1,1.88254643554618,392756.239173283,16.1430266885998,0.501566629523464,0.160419306157719,1.12293514310403
9,1.87049480908257,392753.176435563,15.9771590713107,0.501566629523464,0.160419306157719,1.12293514310403
3,1.85553338812071,392750.150397632,15.8077651882688,0.501566629523464,0.160419306157719,1.12293514310403
3,1.83870457778179,392747.159937964,15.6366718182069,0.501566629523464,0.160419306157719,1.12293514310403
2,1.82070427111454,392744.204182735,15.4650926837732,0.501566629523464,0.160419306157719,1.12293514310403
5,1.80199675826311,392741.282425069,15.2938318127373,0.501566629523464,0.160419306157719,1.12293514310403
2,1.78289153268774,392738.394071053,15.1234194662484,0.501566629523464,0.160419306157719,1.12293514310403
2,1.76359462909957,392735.538603632,14.9542029941998,0.478278122182691,0.167914643368957,1.1754025035827
4,1.74424293818537,392732.583656163,14.9183098636749,0.478278122182691,0.167914643368957,1.1754025035827
2,1.72492714286489,392729.662199038,14.8561050166808,0.478278122182691,0.167914643368957,1.1754025035827
6,1.7057070490691,392726.770383248,14.7766998034349,0.478278122182691,0.167914643368957,1.1754025035827
1,1.68662183293553,392723.905593494,14.6861495966008,0.478278122182691,0.167914643368957,1.1754025035827
2,1.68257359729107,392721.06603511,14.5884780612357,0.478278122182691,0.167914643368957,1.1754025035827
0,1.67555777350592,392718.250459434,14.4863581245926,0.478278122182691,0.167914643368957,1.1754025035827
1,1.66660199255514,392715.457981225,14.3815647086973,0.478278122182691,0.167914643368957,1.1754025035827
0,1.65638921452328,392712.687957269,14.2752757231178,0.478278122182691,0.167914643368957,1.1754025035827
3,1.64537325171556,392709.939905672,14.1682721758725,0.478278122182691,0.167914643368957,1.1754025035827
0,1.63385557238574,392707.213452198,14.0610712145202,0.478278122182691,0.167914643368957,1.1754025035827
0,1.6220363625445,392704.508294593,13.9540145768229,0.478278122182691,0.167914643368957,1.1754025035827
1,1.61004847367149,392701.824178858,13.8473273960595,0.428606327694764,0.183901363519223,1.28730954463456
5,1.5979799923853,392698.907317993,13.9947227816217,0.428606327694764,0.183901363519223,1.28730954463456
3,1.58588924559,392696.013043083,14.090053135892,0.428606327694764,0.183901363519223,1.28730954463456
0,1.5738147764544,392693.133934996,14.1511505948586,0.428606327694764,0.183901363519223,1.28730954463456
2,1.56178197681675,392690.265116492,14.1897389803421,0.428606327694764,0.183901363519223,1.28730954463456
2,1.57840608413023,392687.403381493,14.2135261835122,0.428606327694764,0.183901363519223,1.28730954463456
1,1.58915799494193,392684.546622633,14.2275798061557,0.428606327694764,0.183901363519223,1.28730954463456
0,1.59604892107621,392681.693454899,14.2352315796067,0.428606327694764,0.183901363519223,1.28730954463456
0,1.60040114322268,392678.842968184,14.238671978002,0.428606327694764,0.183901363519223,1.28730954463456
3,1.60308400209699,392675.994564618,14.2393411491744,0.428606327694764,0.183901363519223,1.28730954463456
0,1.6046690512495,392673.147851603,14.2381859340122,0.428606327694764,0.183901363519223,1.28730954463456
1,1.60553206268301,392670.302571505,14.2358288452154,0.428606327694764,0.183901363519223,1.28730954463456
0,1.60592009078786,392667.458555418,14.2326791633924,0.368463068948213,0.203258293471488,1.42280805430042
1,1.60599556379768,392664.316461204,14.528237544634,0.368463068948213,0.203258293471488,1.42280805430042
0,1.60586527192489,392661.175564411,14.7634868284958,0.368463068948213,0.203258293471488,1.42280805430042
0,1.60559942576589,392658.026400709,14.9599531649259,0.368463068948213,0.203258293471488,1.42280805430042
1,1.60524418636386,392654.862755119,15.1316081213092,0.368463068948213,0.203258293471488,1.42280805430042
0,1.63857897651634,392651.680520645,15.287520971348,0.368463068948213,0.203258293471488,1.42280805430042
0,1.66511175653127,392648.476957609,15.4335798129835,0.368463068948213,0.203258293471488,1.42280805430042
3,1.68727037057365,392645.250213025,15.5736084343016,0.368463068948213,0.203258293471488,1.42280805430042
0,1.70663061312753,392641.999008703,15.7100910698306,0.368463068948213,0.203258293471488,1.42280805430042
2,1.72421536953432,392638.722438849,15.8446427097664,0.368463068948213,0.203258293471488,1.42280805430042
1,1.7406887336642,392635.419838723,15.9783142936552,0.368463068948213,0.203258293471488,1.42280805430042
2,1.75648197453719,392632.090699401,16.1117907573396,0.368463068948213,0.203258293471488,1.42280805430042
0,1.77187527854605,392628.734612456,16.2455195501947,0.289372026585068,0.228713511542173,1.60099458079521
1,1.78705079366116,392624.927513912,16.8035141840952,0.289372026585068,0.228713511542173,1.60099458079521
0,1.80212705094598,392621.089369778,17.2809554813797,0.289372026585068,0.228713511542173,1.60099458079521
0,1.81718130144134,392617.20487337,17.7092607934817,0.289372026585068,0.228713511542173,1.60099458079521
0,1.8322640110855,392613.263756218,18.1085257871529,0.289372026585068,0.228713511542173,1.60099458079521
1,1.89519788543257,392609.258956317,18.4916205308108,0.289372026585068,0.228713511542173,1.60099458079521
0,1.94904648680955,392605.185448796,18.8668039448001,0.289372026585068,0.228713511542173,1.60099458079521
1,1.99735324651007,392601.039499391,19.2393925610354,0.289372026585068,0.228713511542173,1.60099458079521
2,2.04238467049929,392596.818187769,19.6128256712549,0.289372026585068,0.228713511542173,1.60099458079521
1,2.08559231981279,392592.519103102,19.9893452042056,0.289372026585068,0.228713511542173,1.60099458079521
4,2.12790768343565,392588.140149572,20.3704296930242,0.289372026585068,0.228713511542173,1.60099458079521
0,2.16993039070326,392583.679422043,20.7570712838379,0.289372026585068,0.228713511542173,1.60099458079521
0,2.21204834490527,392579.135126509,21.1499525610205,0.204635502721922,0.255985711136969,1.79189997795878
2,2.25451440378166,392573.953487832,22.1016007255364,0.204635502721922,0.255985711136969,1.79189997795878
3,2.2974953248835,392568.674473312,22.9602951003346,0.204635502721922,0.255985711136969,1.79189997795878
2,2.34110300821107,392563.274316643,23.7683927492022,0.204635502721922,0.255985711136969,1.79189997795878
0,2.38541443959293,392557.736330045,24.5527007972834,0.204635502721922,0.255985711136969,1.79189997795878
1,2.49274684454744,392552.0482153,25.3302753824938,0.204635502721922,0.255985711136969,1.79189997795878
0,2.58959538143806,392546.200374905,26.1120607011093,0.204635502721922,0.255985711136969,1.79189997795878
0,2.68073732583006,392540.184850748,26.9051727184678,0.204635502721922,0.255985711136969,1.79189997795878
1,2.76919614093067,392533.994656512,27.7143324106917,0.204635502721922,0.255985711136969,1.79189997795878
1,2.8568955169964,392527.6233571,28.5427653404458,0.204635502721922,0.255985711136969,1.79189997795878
1,2.94506980402172,392521.064803011,29.3927663609832,0.204635502721922,0.255985711136969,1.79189997795878
0,3.0345215818904,392514.312961908,30.2660541924274,0.204635502721922,0.255985711136969,1.79189997795878
0,3.12578330969799,392507.361811114,31.1639941476761,0.247080799425445,0.242324817926051,1.69627372548236
2,3.21921878512841,392500.587183243,31.7058231891604,0.247080799425445,0.242324817926051,1.69627372548236
1,3.3150868350547,392493.612260302,32.3395814926385,0.247080799425445,0.242324817926051,1.69627372548236
5,3.41358130671074,392486.445372251,33.038553244435,0.247080799425445,0.242324817926051,1.69627372548236
0,3.51485618801167,392479.090214392,33.7860004546587,0.247080799425445,0.242324817926051,1.69627372548236
1,3.57596681299384,392471.5475112,34.5715035561986,0.247080799425445,0.242324817926051,1.69627372548236
1,3.64744575385515,392463.816068376,35.3886456688461,0.247080799425445,0.242324817926051,1.69627372548236
3,3.72627984602592,392455.893437718,36.2335471929736,0.247080799425445,0.242324817926051,1.69627372548236
1,3.81058128183089,392447.776336942,37.1039385299261,0.247080799425445,0.242324817926051,1.69627372548236
1,3.89917488199866,392439.460914412,37.9985733543861,0.247080799425445,0.242324817926051,1.69627372548236
2,3.99133691352497,392430.94291569,38.9168574052285,0.247080799425445,0.242324817926051,1.69627372548236
3,4.08662981264013,392422.217787946,39.8586136684008,0.247080799425445,0.242324817926051,1.69627372548236
7,4.18479760083128,392413.280745004,40.8239338772046,0.410982498363112,0.189573540866664,1.32701478606665
10,4.28569971029335,392406.119512543,39.8203795621993,0.410982498363112,0.189573540866664,1.32701478606665
2,4.38926911680655,392398.78453608,39.1912801125061,0.410982498363112,0.189573540866664,1.32701478606665
0,4.49548585569838,392391.330086042,38.8074741288097,0.410982498363112,0.189573540866664,1.32701478606665
1,4.60436027318313,392383.791699565,38.5843657793021,0.410982498363112,0.189573540866664,1.32701478606665
2,4.49117359122616,392376.192644303,38.4665478856969,0.410982498363112,0.189573540866664,1.32701478606665
2,4.4202201029425,392368.54815193,38.4177306821161,0.410982498363112,0.189573540866664,1.32701478606665
2,4.37693223584823,392360.868190906,38.4141455694466,0.410982498363112,0.189573540866664,1.32701478606665
0,4.35176878089609,392353.159282517,38.4402248439828,0.410982498363112,0.189573540866664,1.32701478606665
1,4.33848059484284,392345.4256903,38.4857720922179,0.410982498363112,0.189573540866664,1.32701478606665
6,4.33297470720616,392337.670199065,38.5441089091438,0.410982498363112,0.189573540866664,1.32701478606665
1,4.3325703573853,392329.894625124,38.6108610681526,0.410982498363112,0.189573540866664,1.32701478606665
7,4.33551172937529,392322.100150473,38.6831635060617,0.443617229339822,0.179070149219908,1.25349104453936
4,4.34064881246378,392314.720402122,38.3262791556613,0.443617229339822,0.179070149219908,1.25349104453936
3,4.34722837736131,392307.323983247,38.0574421989109,0.443617229339822,0.179070149219908,1.25349104453936
1,4.3547570733957,392299.923177127,37.8467598790626,0.443617229339822,0.179070149219908,1.25349104453936
9,4.36291176210759,392292.52607381,37.6745112202837,0.443617229339822,0.179070149219908,1.25349104453936
6,4.3226602731147,392285.137997007,37.5276857795698,0.443617229339822,0.179070149219908,1.25349104453936
1,4.29233928035226,392277.762445431,37.397700199403,0.443617229339822,0.179070149219908,1.25349104453936
5,4.26857730516659,392270.401713817,37.2788917737709,0.443617229339822,0.179070149219908,1.25349104453936
3,4.2491501014097,392263.057302613,37.1675246227146,0.443617229339822,0.179070149219908,1.25349104453936
6,4.23259027578512,392255.730188268,37.0611340438106,0.443617229339822,0.179070149219908,1.25349104453936
6,4.21792974739982,392248.421001537,36.9580939654297,0.443617229339822,0.179070149219908,1.25349104453936
4,4.20452984339386,392241.130145125,36.8573315848211,0.443617229339822,0.179070149219908,1.25349104453936
6,4.19196920953619,392233.857871286,36.7581391072676,0.59755978047837,0.129524194425219,0.906669360976532
3,4.17996986237822,392228.611275447,34.6531071247082,0.59755978047837,0.129524194425219,0.906669360976532
8,4.16834840412117,392223.378267882,32.9554932647682,0.59755978047837,0.129524194425219,0.906669360976532
6,4.15698383784245,392218.199064113,31.543598379902,0.59755978047837,0.129524194425219,0.906669360976532
6,4.14579633434463,392213.099975198,30.3339676194095,0.59755978047837,0.129524194425219,0.906669360976532
8,3.90837860621901,392208.097831319,29.2693179745077,0.59755978047837,0.129524194425219,0.906669360976532
6,3.71691185929981,392203.203007526,28.310278173022,0.59755978047837,0.129524194425219,0.906669360976532
14,3.55767015718108,392198.421493079,27.4297369850864,0.59755978047837,0.129524194425219,0.906669360976532
2,3.42124097728909,392193.756306463,26.6089762037855,0.59755978047837,0.129524194425219,0.906669360976532
3,3.30116360932673,392189.208462725,25.8350247014396,0.59755978047837,0.129524194425219,0.906669360976532
11,3.19299753264131,392184.777634538,25.0988479480636,0.59755978047837,0.129524194425219,0.906669360976532
4,3.09368498532954,392180.46260374,24.3941091561273,0.59755978047837,0.129524194425219,0.906669360976532
4,3.00111481934368,392176.26156953,23.7163215355961,0.586290954636347,0.133151032694617,0.93205722886232
2,2.91382407559785,392172.057855624,23.1767711336126,0.586290954636347,0.133151032694617,0.93205722886232
1,2.83079378734877,392167.966627396,22.6326451348384,0.586290954636347,0.133151032694617,0.93205722886232
1,2.75130925490948,392163.982922384,22.0898211202372,0.586290954636347,0.133151032694617,0.93205722886232
1,2.674864432051,392160.102580995,21.5521982851313,0.586290954636347,0.133151032694617,0.93205722886232
1,2.61401080526076,392156.322010845,21.0223287787406,0.586290954636347,0.133151032694617,0.93205722886232
2,2.55264111610003,392152.638025481,20.5018483867812,0.586290954636347,0.133151032694617,0.93205722886232
3,2.49141827227324,392149.047733878,19.9917703116695,0.586290954636347,0.133151032694617,0.93205722886232
4,2.43078204766628,392145.548464579,19.49268554853,0.586290954636347,0.133151032694617,0.93205722886232
3,2.37102028848514,392142.137713483,19.0048995348257,0.586290954636347,0.133151032694617,0.93205722886232
1,2.3123174881397,392138.813107789,18.5285253221387,0.586290954636347,0.133151032694617,0.93205722886232
4,2.25478792148084,392135.572380962,18.063547085238,0.586290954636347,0.133151032694617,0.93205722886232
1,2.19849824436979,392132.413355235,17.6098633942129,0.356048150556202,0.207253998238501,1.4507779876695
2,2.14348290581691,392127.620126594,18.8811193571274,0.356048150556202,0.207253998238501,1.4507779876695
5,2.08975465643599,392122.947652462,19.7773696175113,0.356048150556202,0.207253998238501,1.4507779876695
3,2.03731171136557,392118.337968667,20.4315794890281,0.356048150556202,0.207253998238501,1.4507779876695
5,1.98614263075148,392113.753404845,20.9298274135948,0.356048150556202,0.207253998238501,1.4507779876695
3,2.12952225874856,392109.169425775,21.3278410004067,0.356048150556202,0.207253998238501,1.4507779876695
4,2.23060656645282,392104.569997467,21.6617011084181,0.356048150556202,0.207253998238501,1.4507779876695
5,2.3043921538927,392099.944587531,21.9547708226597,0.356048150556202,0.207253998238501,1.4507779876695
2,2.36058744749108,392095.28622345,22.2221807388591,0.356048150556202,0.207253998238501,1.4507779876695
5,2.40547773054945,392090.590235644,22.4737323977475,0.356048150556202,0.207253998238501,1.4507779876695
1,2.44313241181442,392085.853443809,22.7157777530229,0.356048150556202,0.207253998238501,1.4507779876695
0,2.47618651565424,392081.073630209,22.9524358018559,0.356048150556202,0.207253998238501,1.4507779876695
2,2.50634655849841,392076.249198707,23.1863801442545,0.999971525655716,9.16438349405301e-06,6.41506844583711e-05
2,2.53471801501514,392076.248983353,18.5493194684984,0.999971525655716,9.16438349405301e-06,6.41506844583711e-05
6,2.56201729541988,392076.24876593,14.8396729978128,0.999971525655716,9.16438349405301e-06,6.41506844583711e-05
1,2.5887089641271,392076.2485533,11.8719510288564,0.999971525655716,9.16438349405301e-06,6.41506844583711e-05
1,2.61509456526774,392076.24835003,9.49776409261626,0.999971525655716,9.16438349405301e-06,6.41506844583711e-05
1,2.0920999409865,392076.248158987,7.59840231720158,0.999971525655716,9.16438349405301e-06,6.41506844583711e-05
0,1.67370447501902,392076.247981786,6.07889905495049,0.999971525655716,9.16438349405301e-06,6.41506844583711e-05
1,1.33898756172944,392076.247819139,4.8632818909272,0.999971525655716,9.16438349405301e-06,6.41506844583711e-05
2,1.07121297530139,392076.247671119,3.89077353286507,0.999971525655716,9.16438349405301e-06,6.41506844583711e-05
3,0.856991927192031,392076.247537358,3.11275258766378,0.999971525655716,9.16438349405301e-06,6.41506844583711e-05
3,0.685613527532519,392076.247417195,2.4903222325292,0.999971525655716,9.16438349405301e-06,6.41506844583711e-05
2,0.548509166295207,392076.247309791,1.99236519038917,0.999971525655716,9.16438349405301e-06,6.41506844583711e-05
1,0.43882402760503,392076.247214203,1.59398773978608,1.16246625638152e-05,0.321843301109727,2.25290310776809
8,0.351074308468101,392073.270760767,4.25164362801482,1.16246625638152e-05,0.321843301109727,2.25290310776809
1,0.280872999387372,392070.640261879,6.03181379046273,1.16246625638152e-05,0.321843301109727,2.25290310776809
0,0.224710513197828,392068.174121671,7.29159124052733,1.16246625638152e-05,0.321843301109727,2.25290310776809
4,0.179779191468614,392065.760329273,8.24706538998002,1.16246625638152e-05,0.321843301109727,2.25290310776809
3,0.479525052030682,392063.328757462,9.02922412287308,1.16246625638152e-05,0.321843301109727,2.25290310776809
1,0.680302978041824,392060.834432003,9.71770475737754,1.16246625638152e-05,0.321843301109727,2.25290310776809
6,0.822387992719165,392058.247423779,10.3611720305824,1.16246625638152e-05,0.321843301109727,2.25290310776809
1,0.930151914467282,392055.546738859,10.9896225441873,1.16246625638152e-05,0.321843301109727,2.25290310776809
3,1.01836831732274,392052.716621845,11.6218150498624,1.16246625638152e-05,0.321843301109727,2.25290310776809
5,1.09601916037729,392049.744315756,12.269758128325,1.16246625638152e-05,0.321843301109727,2.25290310776809
1,1.16859313521151,392046.618700853,12.9414214052696,1.16246625638152e-05,0.321843301109727,2.25290310776809
1,1.23947343271561,392043.329463629,13.6423743485538,0.999444208654724,0.00017887980070915,0.00125215860496405
2,1.31077577381017,392043.327538969,10.9158241389661,0.999444208654724,0.00017887980070915,0.00125215860496405
5,1.38385455594644,392043.3255122,8.73468608025965,0.999444208654724,0.00017887980070915,0.00125215860496405
5,1.45960863977926,392043.323473268,6.98978779637287,0.999444208654724,0.00017887980070915,0.00125215860496405
2,1.53866618222817,392043.321484194,5.59381931046986,0.999444208654724,0.00017887980070915,0.00125215860496405
1,1.23115002012517,392043.319586084,4.47695355854417,0.999444208654724,0.00017887980070915,0.00125215860496405
3,0.985148606884505,392043.317804526,3.58334440549069,0.999444208654724,0.00017887980070915,0.00125215860496405
4,0.788348848114568,392043.316153737,2.86832631279511,0.999444208654724,0.00017887980070915,0.00125215860496405
3,0.630903417734413,392043.314639736,2.29617505146474,0.999444208654724,0.00017887980070915,0.00125215860496405
6,0.504936814072122,392043.313262743,1.83831703392868,0.999444208654724,0.00017887980070915,0.00125215860496405
0,0.404150385786,392043.312019,1.47189737042828,0.999444208654724,0.00017887980070915,0.00125215860496405
2,0.323506494128782,392043.310902125,1.17863477109767,0.999444208654724,0.00017887980070915,0.00125215860496405
0,0.258975953151393,392043.309904122,0.943905819737836,7.23195138047459e-06,0.32184471489083,2.25291300423581
1,0.207336067758609,392041.712180822,2.35284795631596,7.23195138047459e-06,0.32184471489083,2.25291300423581
2,0.166009130795377,392040.295770385,3.29868880169768,7.23195138047459e-06,0.32184471489083,2.25291300423581
2,0.132933272255388,392038.964705799,3.97001562754678,7.23195138047459e-06,0.32184471489083,2.25291300423581
0,0.106459178360908,392037.659759884,4.48095841661946,7.23195138047459e-06,0.32184471489083,2.25291300423581
2,0.265367852385007,392036.343818151,4.90070846697043,7.23195138047459e-06,0.32184471489083,2.25291300423581
1,0.372045274172164,392034.993044148,5.27134077629712,7.23195138047459e-06,0.32184471489083,2.25291300423581
1,0.447761411097119,392033.591541755,5.61857501388069,7.23195138047459e-06,0.32184471489083,2.25291300423581
2,0.505388505216759,392032.128128501,5.958273265584,7.23195138047459e-06,0.32184471489083,2.25291300423581
2,0.552730352827918,392030.594383187,6.30036392588904,7.23195138047459e-06,0.32184471489083,2.25291300423581
1,0.594532416444693,392028.983462643,6.65121168526425,7.23195138047459e-06,0.32184471489083,2.25291300423581
0,0.633695509688667,392027.289382588,7.01504940322272,7.23195138047459e-06,0.32184471489083,2.25291300423581
0,0.672008650693578,392025.50657846,7.39484365044503,5.83043574779735e-05,0.321828277387976,2.25279794171583
0,0.71059162143014,392023.629730855,7.7927225249676,5.83043574779735e-05,0.321828277387976,2.25279794171583
1,0.75016226864071,392021.653314219,8.21059465657066,5.83043574779735e-05,0.321828277387976,2.25279794171583
2,0.791197998795786,392019.571771543,8.65001840099132,5.83043574779735e-05,0.321828277387976,2.25279794171583
0,0.834033398959667,392017.379345956,9.11244030734941,5.83043574779735e-05,0.321828277387976,2.25279794171583
0,0.87890848838395,392015.070031838,9.59926636467824,5.83043574779735e-05,0.321828277387976,2.25279794171583
0,0.926038533416132,392012.637538479,10.1119064498918,5.83043574779735e-05,0.321828277387976,2.25279794171583
3,0.975599294463553,392010.075260968,10.6518026717972,5.83043574779735e-05,0.321828277387976,2.25279794171583
0,1.02775392173414,392007.376255033,11.2204480720457,5.83043574779735e-05,0.321828277387976,2.25279794171583
1,1.08266099083379,392004.533213903,11.8193995879989,5.83043574779735e-05,0.321828277387976,2.25279794171583
0,1.14047951586616,392001.538445933,12.4502876395509,5.83043574779735e-05,0.321828277387976,2.25279794171583
0,1.20137214623491,391998.383852275,13.114823770621,5.83043574779735e-05,0.321828277387976,2.25279794171583
0,1.26550727584559,391995.060904077,13.8148072139698,0.997980370337708,0.000650011833699364,0.00455008283589555
0,1.33306050513292,391995.053834385,11.0589154630603,0.997980370337708,0.000650011833699364,0.00455008283589555
0,1.40421572231825,391995.046387343,8.854579412328,0.997980370337708,0.000650011833699364,0.00455008283589555
